date	close	volume	ma5	p_change
2011-04-01	-0.0180682640577	-0.041126739487	0.0	0.0
2011-04-06	0.0202792784691	-0.0280046380371	0.0	10.09
2011-04-07	0.0165615338042	-0.0220271276436	0.0	-0.34
2011-04-08	0.0149789987827	-0.0329713794584	0.0	0.79
2011-04-11	0.00949422065	-0.0480209841429	0.0396880253377	-1.35
2011-04-12	-0.00313538683515	-0.0478892645604	0.0143867065152	-2.17
2011-04-13	0.0252502715344	-0.0245639488461	0.0178772900024	6.3
2011-04-14	0.014800533441	-0.0395462817134	0.0179615426686	-2.63
2011-04-15	0.0252644270059	-0.0314470690354	0.021226878647	1.92
2011-04-18	0.0255027065565	-0.0430440940423	0.0177357842969	0.44
2011-04-19	0.0134988212868	-0.0373879738635	0.0305319183039	-5.62
2011-04-20	0.00805901819385	-0.042719949284	0.0224853501244	0.0
2011-04-21	0.0192244268646	-0.0269423012971	0.0196523945895	3.97
2011-04-22	0.0158790451424	-0.0412509062008	0.0182085456622	-1.8
2011-04-26	-0.00465651471605	-0.0302006282187	0.00415256080852	-5.26
2011-04-27	0.00828094159459	-0.0339404223399	0.0127781110493	0.12
2011-04-28	0.00885116820248	-0.0321416344801	0.0123183056408	-0.96
2011-04-29	0.00824552142331	-0.0313837759557	0.0126954314425	0.73
2011-05-03	0.00765740084215	-0.0321019942704	0.00967269115589	0.72
2011-05-04	-0.0077522726757	-0.0378382358106	0.00508751740136	-5.04
2011-05-05	-0.00617145304698	-0.0316062934319	0.00269210830225	-0.25
2011-05-06	-0.0161202781141	-0.034348752109	-0.00675303355186	-1.01
2011-05-09	-0.0156402558131	-0.0306047799534	-0.00784483835315	0.0
2011-05-10	-0.00607773952987	-0.0230006891931	-0.00734097808315	2.05
2011-05-11	-0.0117717981549	-0.0250660502923	-0.00950936006279	-1.38
2011-05-12	-0.0192820134317	-0.0285191593734	-0.0152114884629	-2.54
2011-05-13	-0.0150513319483	-0.0152169648304	-0.0198906870742	3.13
2011-05-16	-0.011806596162	-0.0261768479097	-0.0126343763868	-1.52
2011-05-17	-0.00240598631742	-0.0214564061294	-0.00913118283387	1.93
2011-05-18	-0.00237903635167	-0.0226672864288	-0.00873176706143	1.13
2011-05-19	-0.00472693242242	-0.027209707316	-0.00618559995017	-1.12
2011-05-20	0.00243517100777	-0.0234767283126	-0.000972812047952	0.63
2011-05-23	-0.0189163911566	-0.0263300965927	-0.00582798860207	-7.51
2011-05-24	-0.0280136794497	-0.0241810909898	-0.00921335685213	-2.57
2011-05-25	-0.0361999708407	-0.024112885565	-0.0213126470113	-1.94
2011-05-26	-0.0265689806169	-0.0147002127045	-0.0237897118	1.27
2011-05-27	-0.0209455892131	-0.0256276719824	-0.02533143508	-0.7
2011-05-30	-0.0187086755671	-0.0239043850698	-0.0254067586643	0.0
2011-05-31	-0.0136892777111	-0.0225640856014	-0.021944211858	3.1
2011-06-01	-0.0157154792198	-0.0236051141001	-0.0195962556352	0.27
2011-06-02	-0.0209835181643	-0.0297297738441	-0.0197344606247	-2.45
2011-06-03	-0.0196333867328	-0.0272749179834	-0.0161427385928	0.98
2011-06-07	-0.0234062034303	-0.0238079938411	-0.0196293846408	0.55
2011-06-08	-0.0253578485272	-0.0262461152259	-0.0208717882861	-0.41
2011-06-09	-0.0291340709492	-0.0292403229059	-0.023331486655	-3.04
2011-06-10	-0.0270844147428	-0.0286637890455	-0.0255057384746	1.0
2011-06-13	-0.0422719573403	-0.0229472282154	-0.0301058929373	-4.09
2011-06-14	-0.0393728351045	-0.0341894199863	-0.0344218126096	2.94
2011-06-15	-0.0396280745252	-0.030286033583	-0.0345818344186	-1.71
2011-06-16	-0.0371028620124	-0.0251209793951	-0.0375414549286	-0.73
2011-06-17	-0.0316146002251	-0.0206890994574	-0.0386048191373	0.29
2011-06-20	-0.0216497257554	-0.0216847970225	-0.0341287583853	1.75
2011-06-21	-0.0174124025896	-0.0189218237233	-0.0299739433679	2.44
2011-06-22	-0.0222314191192	-0.0207143569788	-0.0250620558045	-1.68
2011-06-23	-0.0194618101271	-0.0263611505597	-0.0214234087885	2.71
2011-06-24	0.00600178723594	-0.0303625958687	-0.0163351947625	9.99
2011-06-27	0.00793786165941	-0.0134854991629	-0.00910556394211	0.88
2011-06-28	0.00590559041185	-0.0261215716503	-0.00316199797782	-0.5
2011-06-29	0.00537342124238	-0.024618677099	0.000672110890098	-0.88
2011-06-30	0.0146356879458	-0.0164087057492	0.0127199581901	2.66
2011-07-01	0.00514900311777	-0.0285497372642	0.00982745607224	-1.36
2011-07-04	0.00343683556064	-0.0438030882317	0.00840855899369	2.13
2011-07-05	-0.000542835185917	-0.0455058795178	0.00648391697914	-0.49
2011-07-06	-0.00402672963475	-0.0415092203006	0.00405182586211	-0.74
2011-07-07	-0.00706365604415	-0.0473485210646	0.00119095676872	-1.24
2011-07-08	-0.00507506964359	-0.0361262482981	-0.000955415289753	0.5
2011-07-11	-0.00440278710231	-0.0370058511324	-0.000339270961143	0.25
2011-07-12	-0.00978238430593	-0.0390359001912	-0.00296235916415	-3.24
2011-07-13	-0.00646380344278	-0.0360907867536	-0.00413133312195	2.45
2011-07-14	-0.00766912455487	-0.0470214350576	-0.0049109983629	0.38
2011-07-15	-0.00352047462336	-0.0482742275173	-0.00815141530545	2.26
2011-07-18	-0.0046548849492	-0.0541765061565	-0.00615746062523	-0.74
2011-07-19	-0.00992861176842	-0.0406627865392	-0.00675992676973	-1.98
2011-07-20	-0.00943475071587	-0.0343294105081	-0.00870219786114	0.5
2011-07-21	-0.00539229316815	-0.0292412553803	-0.0074222278892	-0.25
2011-07-22	-0.00225454679347	-0.0129028144928	-0.00854438491842	1.51
2011-07-25	-0.0181792453058	-0.0288487546895	-0.00900679084615	-7.43
2011-07-26	-0.0191243747732	-0.0326572618289	-0.0102755548589	0.13
2011-07-27	-0.0219003047919	-0.0371416810486	-0.0120132196047	0.27
2011-07-28	-0.0285799374975	-0.0323662181734	-0.0170160466314	-2.0
2011-07-29	-0.0140781317264	-0.0189819128264	-0.0206280849628	2.99
2011-08-01	-0.0136643017441	-0.0228032806847	-0.017908004261	-0.13
2011-08-02	-0.0140377191329	-0.0293816673057	-0.017195773232	-0.79
2011-08-03	-0.0125083032754	-0.0287009723078	-0.0150493613939	0.53
2011-08-04	-0.0142751780354	-0.0256471607402	-0.0130651924258	0.0
2011-08-05	-0.0200141404176	-0.0357543534817	-0.0140657675097	-3.58
2011-08-08	-0.0319396309559	-0.0499869296565	-0.0174682921374	-7.14
2011-08-09	-0.0312768865726	-0.0447061085799	-0.021031099732	0.3
2011-08-10	-0.0321169279627	-0.0433720517703	-0.0235610573894	0.88
2011-08-11	-0.0273740370693	-0.0415771181356	-0.0266484956438	3.07
2011-08-12	-0.0338205538839	-0.0413413981674	-0.0306714774781	-0.57
2011-08-15	-0.0262150301935	-0.0369189508784	-0.0287085990988	3.0
2011-08-16	-0.0272511166536	-0.0369894523175	-0.0276557617988	-1.11
2011-08-17	-0.0212829094758	-0.0229491499102	-0.0260212166892	1.26
2011-08-18	-0.0226220242257	-0.0300506236997	-0.0244774046427	-2.35
2011-08-19	-0.0246255890166	-0.0307101563624	-0.0215302902494	-1.98
2011-08-22	-0.0229061587299	-0.0281085168615	-0.0243135662653	-0.29
2011-08-23	-0.00906635025573	-0.0180803449954	-0.0173441319012	4.35
2011-08-24	-0.0144903805962	-0.0257466015753	-0.0188277196394	-0.97
2011-08-25	0.00168485212348	-0.026435113032	-0.0133715280914	6.73
2011-08-26	-0.00338261513636	-0.021515121488	-0.0109126851061	-0.79
2011-08-29	-0.0113936075009	-0.024278332211	-0.00686281131014	-3.84
2011-08-30	-0.0141939224506	-0.0251672847665	-0.00793295087472	-1.24
2011-08-31	-0.013494321524	-0.0234759460372	-0.00839610911108	0.14
2011-09-01	-0.0143662650925	-0.0232742678648	-0.0116413269595	-0.97
2011-09-02	-0.0168137472042	-0.0204621672986	-0.015106806617	-1.69
2011-09-05	-0.0186418369612	-0.0235860668114	-0.0149618146769	-3.15
2011-09-06	-0.0183620356199	-0.0243152431985	-0.019296582479	0.3
2011-09-07	-0.0149656555834	-0.0244901483107	-0.015919647116	2.65
2011-09-08	-0.0156238080819	-0.0209428657123	-0.0160395671431	-1.0
2011-09-09	-0.00986434274307	-0.0118705412352	-0.0135448190807	0.87
2011-09-13	-0.00953518997746	-0.0199088907562	-0.011507814	-1.44
2011-09-14	-0.00584912294043	-0.0176151698012	-0.0103223486255	1.6
2011-09-15	-0.00362096413732	-0.00870791666425	-0.0100535393292	1.15
2011-09-16	-0.00865716681515	-0.0147647823847	-0.00966503056049	-0.85
2011-09-19	-0.0113722439002	-0.0176382179186	-0.00839518364852	-3.15
2011-09-21	-0.000930573722008	-0.0181226670979	-0.00394479483663	6.06
2011-09-22	-0.00494902396983	-0.0228520110131	-0.0029869351609	-4.32
2011-09-23	-0.00125615046663	-0.0264976914671	-0.00398898982877	0.73
2011-09-26	0.00185461423898	-0.0256533627308	-0.00234074110674	-1.45
2011-09-27	0.00175426416829	-0.0239607680907	-0.00308881606124	1.91
2011-09-28	-0.000245251942022	-0.0267947073669	-0.00142953290724	-1.87
2011-09-29	0.00379839575814	-0.0273089920353	0.00309528081095	-0.88
2011-09-30	-0.0219740508649	-0.0110943019556	-0.0020674928503	-6.95
2011-10-10	-0.0377240892923	-0.0106433161762	-0.00902847236275	-5.56
2011-10-11	-0.032174788443	-0.0286719369113	-0.014615114267	0.34
2011-10-12	-0.0280832636379	-0.0317762553227	-0.021912000219	5.54
2011-10-13	-0.0383056315329	-0.019967161598	-0.0314921146216	-1.75
2011-10-14	-0.041339813398	-0.0205085460684	-0.0360894192566	-1.29
2011-10-17	-0.0481111447308	-0.0221601167541	-0.0391126547879	-1.48
2011-10-18	-0.052507502909	-0.0278985830818	-0.0409826768191	-4.99
2011-10-19	-0.0488785914913	-0.0233871868	-0.0439028639122	0.18
2011-10-20	-0.0460972510193	-0.0301603972998	-0.0449438755769	-2.45
2011-10-21	-0.0438768179702	-0.0227517110816	-0.0460149343479	-0.54
2011-10-24	-0.0429344440691	-0.0269651159903	-0.0469736452712	3.42
2011-10-25	-0.0461809107302	-0.0388354356144	-0.0441627011644	1.05
2011-10-26	-0.0514435363705	-0.0497202966789	-0.0455241933763	-0.34
2011-10-27	-0.0494785328678	-0.0301250663649	-0.048529530667	1.56
2011-10-28	-0.0531122191013	-0.0483652767216	-0.0496892717614	1.19
2011-10-31	-0.0577447198168	-0.0454789890817	-0.0527642284415	-1.18
2011-11-01	-0.0545765542349	-0.0422361735489	-0.0539154133816	1.02
2011-11-02	-0.0557896410558	-0.05425969038	-0.0534566390625	1.35
2011-11-03	-0.057792368738	-0.0692324415629	-0.0536676761277	-0.83
2011-11-04	-0.0606619873334	-0.0442263258472	-0.0578098797576	0.67
2011-11-07	-0.0663810804508	-0.03687451346	-0.0607801293606	-2.17
2011-11-08	-0.0672198890152	-0.0364063562078	-0.0622353054754	-1.19
2011-11-09	-0.0671811184221	-0.0436444562534	-0.0640366111393	1.38
2011-11-10	-0.0671323317491	-0.0509351775372	-0.0645728926319	-2.38
2011-11-11	-0.0669549849461	-0.0377988820865	-0.0664004376286	0.0
2011-11-14	-0.0666972458751	-0.0418485380259	-0.0659888661401	2.44
2011-11-15	-0.0762382157951	-0.0320465073289	-0.0689148627713	-2.38
2011-11-16	-0.0723513234015	-0.0271669411824	-0.0666493869498	-3.66
2011-11-17	-0.0778900727403	-0.0274026507034	-0.071693126423	-1.08
2011-11-18	-0.069981856476	-0.0315866623717	-0.0734128289618	-0.18
2011-11-21	-0.0653931146068	-0.0255895585699	-0.0725493468567	1.47
2011-11-22	-0.067123221076	-0.0277207765349	-0.0704996150649	-0.9
2011-11-23	-0.0711652226156	-0.0203850315005	-0.068825491555	-2.73
2011-11-24	-0.0761025206941	-0.0269138254978	-0.0701167528715	-1.31
2011-11-25	-0.0743154892333	-0.0228928396606	-0.0696130688562	-0.95
2011-11-28	-0.0726657829477	-0.0231536522495	-0.071278517328	0.77
2011-11-29	-0.0760282485796	-0.0304160479098	-0.0740369729105	0.95
2011-11-30	-0.0848399920505	-0.0369568777713	-0.0761679810436	-7.34
2011-12-01	-0.0884515103994	-0.0524778254336	-0.0800210117553	2.24
2011-12-02	-0.0891593330028	-0.0299709914016	-0.0833301380956	-1.99
2011-12-05	-0.0902645021207	-0.0281733746806	-0.085792788682	-3.45
2011-12-06	-0.0876529407541	-0.0253855103216	-0.0874262061625	0.21
2011-12-07	-0.0934335885429	-0.0185507819205	-0.0899031640526	-1.26
2011-12-08	-0.0985506138149	-0.0223841001034	-0.0912207633173	-2.34
2011-12-09	-0.105992060293	-0.0199536115967	-0.0956960003322	-3.91
2011-12-12	-0.107120390183	-0.019781493169	-0.0976425135144	-2.26
2011-12-13	-0.0999536023038	-0.0325224996154	-0.10087846826	0.0
2011-12-14	-0.0998495727301	-0.0245525923176	-0.0996088210666	-3.01
2011-12-16	-0.102207358133	-0.0233382188397	-0.0960390519889	-0.72
2011-12-19	-0.108731923213	-0.0310294585313	-0.0990073237253	-2.16
2011-12-20	-0.108090232987	-0.0240742478176	-0.0997133905791	-0.74
2011-12-21	-0.111542263605	-0.0247176697046	-0.104015207099	-3.96
2011-12-22	-0.114175998374	-0.02883478604	-0.108036611445	-2.32
2011-12-23	-0.117736095616	-0.0242250737093	-0.113097665856	0.79
2011-12-26	-0.116543286223	-0.0217164313537	-0.112235070047	-2.09
2011-12-27	-0.0999296637842	0.00956396905874	-0.112202013568	6.15
2011-12-28	-0.0787660022976	0.02413888252	-0.105592736185	10.08
2011-12-29	-0.0839614289542	0.0107804580423	-0.101907637861	-0.92
2011-12-30	-0.0850362432746	-0.00865327298474	-0.0931120415701	0.92
2012-01-04	-0.0813553219201	-0.0152192245811	-0.0858070159766	-1.6
2012-01-05	-0.0824541486704	-0.010892090644	-0.082422851774	-3.02
2012-01-06	-0.0641332638234	0.0107777381872	-0.0784186946446	8.63
2012-01-09	-0.0623091802861	-0.00777294785114	-0.0747731935623	5.3
2012-01-10	-0.0714426256012	-0.0356970251476	-0.0711567780506	0.63
2012-01-11	-0.0683773967164	-0.0174679859402	-0.0708251831185	1.87
2012-01-12	-0.0709204274772	-0.022006770492	-0.0674266779082	-1.84
2012-01-13	-0.0688793005783	-0.0249838911656	-0.0695863394592	-1.67
2012-01-16	-0.0684304553439	-0.0199906695926	-0.0708234767568	-3.18
2012-01-17	-0.0641080876906	-0.0286382898456	-0.0670634839028	8.32
2012-01-18	-0.0552139795513	-0.0230638223136	-0.0637441369726	0.4
2012-01-19	-0.0541485078553	-0.0218261087037	-0.0605670520128	2.21
2012-01-20	-0.0610023558265	-0.0292429222503	-0.0602540940219	-0.39
2012-01-30	-0.0566913696544	-0.0251238658838	-0.0559845577982	-1.19
2012-01-31	-0.0519096636134	-0.0147013807972	-0.0561167695432	2.8
2012-02-01	-0.0597379569068	-0.0156374970846	-0.0560979434419	-4.67
2012-02-02	-0.0584125782022	-0.0159219243451	-0.0572658228014	3.06
2012-02-03	-0.0643767910077	-0.0302065883951	-0.0589832195561	-0.79
2012-02-06	-0.0677659116653	-0.0287933435735	-0.0611042889287	-0.8
2012-02-07	-0.0750795003349	-0.00932389582586	-0.0651691296584	-5.23
2012-02-08	-0.0742264827878	-0.0261939287988	-0.0674856807864	4.03
2012-02-09	-0.0764583275426	-0.0373410437206	-0.0699520284065	-1.22
2012-02-10	-0.0686919382934	-0.0101895339383	-0.0725828890114	3.93
2012-02-13	-0.0682172707879	-0.0209390800765	-0.0729435621321	0.8
2012-02-14	-0.0696197419225	-0.0174917348635	-0.0733093554246	-0.2
2012-02-15	-0.0663382475429	-0.0174799022962	-0.0714130102493	2.96
2012-02-16	-0.0639372762583	-0.0313747137195	-0.0678902482082	0.19
2012-02-17	-0.0638988453712	-0.0191980599411	-0.0655280474628	-0.57
2012-02-20	-0.0672773166234	-0.0357182203878	-0.0648593362631	-0.96
2012-02-21	-0.0682272285995	-0.0354832986538	-0.0641278298263	0.58
2012-02-22	-0.0636020029351	-0.0399656528147	-0.0647901182353	4.06
2012-02-23	-0.0649473957916	-0.0483910076969	-0.0615718353	-0.74
2012-02-24	-0.0671453517099	-0.0473182442154	-0.0647899678683	1.69
2012-02-27	-0.0681677112676	-0.0516487109707	-0.0649664741369	0.37
2012-02-28	-0.0681722386136	-0.0422909188404	-0.0653336720862	0.0
2012-02-29	-0.0723327276152	-0.0434777073149	-0.0687059825444	-2.75
2012-03-01	-0.0731742859837	-0.0348233056549	-0.0687102236496	-0.75
2012-03-02	-0.0733464842319	-0.0432572224918	-0.0723561998256	3.23
2012-03-05	-0.0733240475337	-0.049383401807	-0.0717191563168	-1.1
2012-03-06	-0.0740040286147	-0.0487117017927	-0.0728725079619	-2.05
2012-03-07	-0.0750933716819	-0.0454782885195	-0.0740834412976	-0.95
2012-03-08	-0.0657253124257	-0.0202267533349	-0.072528441138	5.18
2012-03-09	-0.0688423222888	-0.0376788499733	-0.0719644715032	1.09
2012-03-12	-0.0655793745	-0.0522659279915	-0.069306242633	1.08
2012-03-13	-0.0662849295828	-0.0422207721121	-0.0674565582675	0.89
2012-03-14	-0.0694625203244	-0.0660386819377	-0.0663488974795	-5.13
2012-03-15	-0.0692146809305	-0.0544478475848	-0.0663151293301	-1.49
2012-03-16	-0.0697284104838	-0.0450701847354	-0.0674919831205	2.27
2012-03-19	-0.0695753105673	-0.0464259287554	-0.0696349058994	1.3
2012-03-20	-0.072627958955	-0.0390817648457	-0.069028993295	-4.2
2012-03-21	-0.0778326271989	-0.0368396840607	-0.0722932090405	-1.15
2012-03-22	-0.0765959083308	-0.0284131481516	-0.0723091936404	-0.58
2012-03-23	-0.0774621375498	-0.0302740840921	-0.0743374192894	-2.14
2012-03-26	-0.0764225353805	-0.0268880081378	-0.075952321928	0.4
2012-03-27	-0.0747709815072	-0.0286454058751	-0.075482407612	-0.2
2012-03-28	-0.0836669188105	-0.0310475947371	-0.0784155190114	-6.93
2012-03-29	-0.0891117452262	-0.0277329614877	-0.0793522127203	-4.89
2012-03-30	-0.0909040897743	-0.0261868271797	-0.0848886263088	0.67
2012-04-05	-0.0837165011263	-0.0290978636169	-0.0837370973531	5.56
2012-04-06	-0.0859489041681	-0.0285042886054	-0.0876404663629	0.42
2012-04-09	-0.0836640792705	-0.020362442408	-0.0852620342979	-1.47
2012-04-10	-0.0815819617179	-0.0261146758253	-0.0841918937344	2.55
2012-04-11	-0.0790187796133	-0.0240248548471	-0.0816906279424	0.83
2012-04-12	-0.0778240134225	-0.027341472197	-0.0832817601571	4.12
2012-04-13	-0.0725385154764	-0.0278738018093	-0.0785768143925	1.58
2012-04-16	-0.0673297659844	-0.0184230738135	-0.0763987526105	2.14
2012-04-17	-0.0715054016135	-0.020461426121	-0.0725905870928	-3.62
2012-04-18	-0.0617812922908	-0.0221572782216	-0.0693868183303	6.72
2012-04-19	-0.0633448003114	-0.0261008415374	-0.0671514201085	-0.74
2012-04-20	-0.038288627822	0.012732332174	-0.058342551655	9.14
2012-04-23	-0.0433588467537	-0.0151119386503	-0.0561739115457	-2.05
2012-04-24	-0.0446403998893	-0.0283085424279	-0.0509155070684	-0.7
2012-04-25	-0.0506811016853	-0.0255692868876	-0.0522984878625	0.53
2012-04-26	-0.0419359701643	-0.011825591104	-0.0445187190057	1.92
2012-04-27	-0.0493695472965	-0.0290714467453	-0.0450842011782	-2.74
2012-05-02	-0.0526694128831	-0.0432163331461	-0.0466259456991	1.76
2012-05-03	-0.0483531519051	-0.0370172056284	-0.0461255078661	1.91
2012-05-04	-0.0559914853222	-0.0399883694427	-0.0474486298099	-1.36
2012-05-07	-0.0658954269855	-0.0494128955851	-0.0533525460223	-2.24
2012-05-08	-0.0632488105475	-0.0492297783561	-0.0551682578253	0.0
2012-05-09	-0.0640951182779	-0.0435559644047	-0.0604942663209	-1.76
2012-05-10	-0.0609258764124	-0.0351703574177	-0.0612004025801	0.72
2012-05-11	-0.0660175179707	-0.0344658210468	-0.064387283897	-2.32
2012-05-14	-0.0622671270291	-0.0388430101408	-0.0642294541249	0.73
2012-05-15	-0.0567625755083	-0.0344251032965	-0.0608282529947	1.09
2012-05-16	-0.0600364778626	-0.0314663684806	-0.061777933932	-2.33
2012-05-17	-0.0467607240147	-0.0166566614184	-0.0558761664507	5.14
2012-05-21	-0.0561903510418	-0.0202334564779	-0.0558487403805	-3.32
2012-05-22	-0.0536323100753	-0.0236318266098	-0.0546469202255	2.71
2012-05-23	-0.0464213441489	-0.0181992570627	-0.0525457232215	1.76
2012-05-24	-0.0498206347159	-0.024864164581	-0.0502700032863	-1.9
2012-05-25	-0.0549272850001	-0.0245132966943	-0.0523502893864	-2.82
2012-05-28	-0.062807000129	-0.0341314785083	-0.0527991108206	-1.09
2012-05-29	-0.0565677088812	-0.048172999226	-0.0527731342592	3.66
2012-05-30	-0.0577112833212	-0.0358739831344	-0.0570937813711	0.0
2012-05-31	-0.0590741490483	-0.0246905863707	-0.0565121364813	-1.41
2012-06-01	-0.0576091361112	-0.0188131433841	-0.059621844511	1.43
2012-06-04	-0.0617231620881	-0.0294625703833	-0.0584484250852	-4.95
2012-06-05	-0.0710187307119	-0.0242223573366	-0.0611839239479	-3.16
2012-06-06	-0.0679189773367	-0.0279926745652	-0.0625005122976	0.38
2012-06-07	-0.0722725263528	-0.0251134269307	-0.0663598850683	-1.53
2012-06-08	-0.0687946795622	-0.0277192227666	-0.0687770732601	0.78
2012-06-11	-0.0706123047708	-0.0314261244575	-0.0713438708569	1.93
2012-06-12	-0.0734886935526	-0.0307226197047	-0.0714852194334	-1.7
2012-06-13	-0.071416782581	-0.0299976989585	-0.0713084584671	2.88
2012-06-14	-0.0715293829406	-0.0307066085197	-0.0713722264616	-0.75
2012-06-15	-0.070022300802	-0.0347242437432	-0.0711046036062	0.75
2012-06-18	-0.0722431921941	-0.0303375584126	-0.0726660254484	0.56
2012-06-19	-0.0784129443305	-0.0149868853374	-0.071871900823	-3.9
2012-06-20	-0.0817697041609	-0.0209787826953	-0.0737435169998	-1.93
2012-06-21	-0.0863799942754	-0.024067952667	-0.077099866047	-3.55
2012-06-25	-0.0804726147148	-0.0238822433017	-0.0816059223207	0.2
2012-06-26	-0.0763227622425	-0.0222476217652	-0.079733077872	0.41
2012-06-27	-0.0791126877856	-0.0276703127933	-0.0791969507214	-1.63
2012-06-28	-0.0784320765182	-0.0277219419721	-0.0804875770201	-0.21
2012-06-29	-0.0760600503783	-0.0286142346962	-0.0781284905679	2.9
2012-07-02	-0.0740743044332	-0.0324296904765	-0.07755214531	1.61
2012-07-03	-0.0798874537032	-0.0319633800259	-0.0780492863439	-2.18
2012-07-04	-0.0823894483107	-0.0268344121498	-0.0781229041503	-1.42
2012-07-05	-0.0857638649465	-0.02286706659	-0.0791083581742	-3.49
2012-07-06	-0.0866579871836	-0.041069605537	-0.081883417354	2.98
2012-07-09	-0.0898027577081	-0.043786206366	-0.0850972708176	-3.72
2012-07-10	-0.0884962840227	-0.0363285888071	-0.0866673577849	-0.21
2012-07-11	-0.0902376502942	-0.0361409669992	-0.0888300097874	0.86
2012-07-12	-0.0912011750973	-0.0454987158767	-0.0896519309818	1.28
2012-07-13	-0.0931644534295	-0.0340994114668	-0.0908349415422	-1.05
2012-07-16	-0.0887212350357	-0.0428782879324	-0.0904191390043	-1.7
2012-07-17	-0.0819151233984	-0.0254867668773	-0.0889785970974	3.46
2012-07-18	-0.0740014064362	-0.0221251828863	-0.0857543666332	3.35
2012-07-19	-0.0750326866099	-0.0219108882877	-0.0825437528842	0.4
2012-07-20	-0.075935906142	-0.0263659855701	-0.0791212715247	-1.61
2012-07-23	-0.0742828863976	-0.0236612330107	-0.076233601797	-0.82
2012-07-24	-0.0716203084755	-0.0215808082714	-0.0741746388126	1.65
2012-07-25	-0.0742852161042	-0.0222058087389	-0.0741839181115	-1.83
2012-07-26	-0.0751828348124	-0.0272847917707	-0.074226014205	-1.04
2012-07-27	-0.0768308435296	-0.027800984229	-0.0744178025229	-1.05
2012-07-30	-0.0767630344405	-0.026466550404	-0.0749250936678	-1.27
2012-07-31	-0.0744257535165	-0.0268951385873	-0.075497536481	0.0
2012-08-01	-0.0737829749187	-0.0255912194941	-0.0750625858517	1.93
2012-08-02	-0.0769319653621	-0.0283629843398	-0.0757095965881	-2.1
2012-08-03	-0.0747373240494	-0.0304363129607	-0.0751261332524	2.58
2012-08-06	-0.074996953787	-0.0315610320386	-0.0746333753203	2.09
2012-08-07	-0.0780567315342	-0.0315176741067	-0.0749604826789	-1.02
2012-08-08	-0.078382277025	-0.0300234867466	-0.0774144032742	0.41
2012-08-09	-0.0827850458056	-0.032020062409	-0.0781907586387	-0.21
2012-08-10	-0.087818167036	-0.0294542532148	-0.0814595444468	-2.07
2012-08-13	-0.0984122705562	-0.0258660554514	-0.086227939435	-6.33
2012-08-14	-0.102470587974	-0.0294741858911	-0.0908979024622	-1.13
2012-08-15	-0.103195988713	-0.0257011369287	-0.0957334411482	-1.59
2012-08-21	-0.0959542665692	-0.0274817541276	-0.0931558577633	2.78
2012-08-22	-0.0957513498607	-0.0292047741931	-0.0962128374493	-0.9
2012-08-23	-0.0966205581817	-0.027107825268	-0.0966832888414	0.0
2012-08-24	-0.0952560200952	-0.0302142175197	-0.0965548837925	-1.59
2012-08-27	-0.101243318434	-0.0292883029517	-0.0969764775497	-5.54
2012-08-28	-0.0981850992541	-0.0307777002694	-0.0969117200455	1.71
2012-08-29	-0.0977813046359	-0.0292742725983	-0.0974443650493	-1.44
2012-08-30	-0.0900999515408	-0.0301326255554	-0.0951249432069	1.95
2012-08-31	-0.0918904581723	-0.0249818111767	-0.0947809620449	-0.96
2012-09-03	-0.0930982090001	-0.0340959260755	-0.0926380302176	1.21
2012-09-04	-0.0968681513928	-0.0290806926193	-0.0934148976714	-2.86
2012-09-05	-0.0959583933505	-0.0288044448471	-0.0938087838719	0.49
2012-09-06	-0.0979440711243	-0.0229151580962	-0.0955701995616	0.49
2012-09-07	-0.0939950594722	-0.0514761561932	-0.0959363242138	8.03
2012-09-10	-0.0896594148374	-0.0392866374229	-0.0940750238598	2.03
2012-09-11	-0.0869001453345	-0.0323520087535	-0.09261938791	0.66
2012-09-12	-0.0897235654034	-0.0347438231552	-0.0911646675828	-0.66
2012-09-13	-0.0914362401188	-0.0368087613091	-0.0900636487569	-2.21
2012-09-14	-0.0904519626772	-0.0440416818619	-0.0893040659033	0.9
2012-09-17	-0.0916753327065	-0.0312519818638	-0.0905078871479	-3.58
2012-09-18	-0.0917748603133	-0.0297119091342	-0.0914401103513	-1.39
2012-09-19	-0.0914728267761	-0.022464785625	-0.0916716982574	1.18
2012-09-20	-0.0872200357779	-0.033694443363	-0.089973087292	-2.09
2012-09-21	-0.0884556786941	-0.0303337879964	-0.0898945895588	-0.48
2012-09-24	-0.0868891938087	-0.0282387223215	-0.0889267490344	1.67
2012-09-25	-0.084967727055	-0.0185941412744	-0.0878036264524	0.23
2012-09-26	-0.0833937142249	-0.0236890706508	-0.0863806639971	-1.41
2012-09-27	-0.0784324629879	-0.0273208661826	-0.0842293731579	5.94
2012-09-28	-0.0788379504825	-0.0303030769626	-0.0820903864904	2.24
2012-10-08	-0.0804769856906	-0.0256126751946	-0.0807714449438	-1.75
2012-10-09	-0.0653039779838	-0.00965200118624	-0.0763462972129	10.04
2012-10-10	-0.063680871109	0.0111158797325	-0.0722481687878	1.22
2012-10-11	-0.0662561061667	-0.00532587183733	-0.0696456355141	-2.4
2012-10-12	-0.0619231859582	-0.00979900559697	-0.0660361848131	1.44
2012-10-15	-0.0549593584924	-0.00486721837607	-0.061964981717	1.82
2012-10-16	-0.0618953526035	-0.0111950568032	-0.0613824462986	-2.19
2012-10-17	-0.0551570031122	0.0114685081018	-0.0596730696204	2.64
2012-10-18	-0.0526151646441	-0.00617043417268	-0.0556659650851	2.18
2012-10-19	-0.0547889330041	-0.0162154180893	-0.0550622342621	-0.58
2012-10-22	-0.050531332985	-0.00836664442943	-0.054465945661	2.14
2012-10-23	-0.0582486253197	-0.00906429658777	-0.0534849164282	-4.39
2012-10-24	-0.058535607457	-0.0127647525456	-0.0542693764874	-0.4
2012-10-25	-0.061568733706	-0.0227560717988	-0.0562880549192	-2.2
2012-10-26	-0.05578607775	-0.0211074366191	-0.0568872096024	0.0
2012-10-29	-0.0530458557305	-0.0137528431645	-0.0574792690043	0.82
2012-10-30	-0.0538580386821	-0.0141892840907	-0.0565737295865	-0.2
2012-10-31	-0.0581092047973	-0.0156644900451	-0.0565146470994	-1.02
2012-11-01	-0.0516713396496	-0.00851765493824	-0.0544864252993	4.73
2012-11-02	-0.0510522751897	-0.0200749858869	-0.0536250413876	0.59
2012-11-05	-0.0566197696864	-0.0215974973543	-0.0547488710084	-2.34
2012-11-06	-0.0454247200629	0.0103274222061	-0.0530266109812	3.6
2012-11-07	-0.0532826917604	-0.0065219030918	-0.0520767756472	-2.9
2012-11-08	-0.0566592419352	-0.0162795506841	-0.0521962028009	-3.98
2012-11-09	-0.0538700517073	-0.0158515071923	-0.0527671634986	0.62
2012-11-12	-0.0521910997535	-0.0205456618166	-0.0522947842729	1.23
2012-11-13	-0.0587761306472	-0.0160801959173	-0.0547166921657	-4.67
2012-11-14	-0.058338958872	-0.0155809179679	-0.056156845494	1.07
2012-11-15	-0.06002612841	-0.0184067087581	-0.0567713321426	-2.32
2012-11-16	-0.0552288753031	-0.0183129508494	-0.0566119869112	0.65
2012-11-19	-0.0499198149717	-0.0139012769376	-0.0562163500016	2.15
2012-11-20	-0.0526856200465	-0.0168048761893	-0.0552598022751	-1.26
2012-11-21	-0.0487828476056	-0.007342218504	-0.0534002063588	2.98
2012-11-22	-0.0470722357815	-0.0113724408905	-0.0508700754813	-0.62
2012-11-23	-0.0494005615352	-0.0152901519828	-0.0495289415819	-0.21
2012-11-26	-0.0508158805379	-0.0124174398608	-0.0496961845585	-1.87
2012-11-27	-0.0429404911773	-0.00347604629831	-0.0477850240079	0.85
2012-11-28	-0.0365465447612	-0.0072398261234	-0.045354682967	1.05
2012-11-29	-0.0560565572377	0.0215630825773	-0.0471520070497	-8.33
2012-11-30	-0.0622426659929	-0.00505898499073	-0.0497204279414	-1.14
2012-12-03	-0.0604840980028	-0.0235794267791	-0.052891413383	-0.69
2012-12-04	-0.0552462546232	-0.0214668695276	-0.0547161958528	3.47
2012-12-05	-0.0415806170285	-0.0165881284539	-0.0554986251694	10.07
2012-12-06	-0.0404277724008	-0.000683661682743	-0.0524576550925	0.2
2012-12-07	-0.043792712264	-0.00747725912174	-0.0490369831747	1.22
2012-12-10	-0.0484494186316	-0.0215474414109	-0.0469862036018	-0.2
2012-12-11	-0.0434886519268	-0.00769952339454	-0.0442472177628	1.2
2012-12-12	-0.0420013141549	-0.00916118607756	-0.0435370714608	0.6
2012-12-13	-0.0417119315711	-0.0153176937012	-0.0439520225611	-0.99
2012-12-14	-0.0335477161009	-0.0194203096479	-0.0418350743669	8.17
2012-12-17	-0.0354023858615	-0.0346029609471	-0.0392744042056	-0.18
2012-12-18	-0.0415647014456	-0.0259615676825	-0.0394099347604	-2.03
2012-12-19	-0.0418131448429	-0.0414212162478	-0.0389364823402	0.19
2012-12-20	-0.0377295848869	-0.0309287593027	-0.0376345529835	2.07
2012-12-21	-0.0409545829106	-0.0414462602953	-0.0388131202603	-1.66
2012-12-24	-0.0368062589086	-0.0317883840057	-0.0393617827067	2.06
2012-12-25	-0.0358172694817	-0.0417322557963	-0.0384300827884	3.12
2012-12-26	-0.0388529853094	-0.0506898468135	-0.037939448672	-0.18
2012-12-27	-0.0427317115271	-0.0459793521456	-0.0393507531473	-1.6
2012-12-28	-0.0349041251008	-0.0278630600449	-0.0386965109301	4.35
2012-12-31	-0.0339033450653	-0.0503069818608	-0.0361226838341	1.22
2013-01-04	-0.0314113335933	-0.0502503012853	-0.035016453123	0.0
2013-01-07	-0.0355968380139	-0.0616308453989	-0.0350778238205	-0.69
2013-01-08	-0.0438801025095	-0.0495834872114	-0.0348463101621	-2.59
2013-01-09	-0.0468712326205	-0.0565444569854	-0.0395629357465	0.0
2013-01-10	-0.0499863461397	-0.0437094437081	-0.0420543590731	-0.89
2013-01-11	-0.0503908669232	-0.0504643826326	-0.0447979458037	-2.68
2013-01-14	-0.0490468204523	-0.0529451261671	-0.0485368551784	5.15
2013-01-15	-0.0529947516523	-0.07542610356	-0.0497935506472	0.0
2013-01-16	-0.058986331987	-0.0666025667689	-0.0523716166303	-2.1
2013-01-17	-0.0551513592514	-0.0421448370733	-0.0530879287873	0.18
2013-01-18	-0.0558732972366	-0.0482186650806	-0.0540355531795	1.6
2013-01-21	-0.0569155936266	-0.0624774073753	-0.0553025638736	0.0
2013-01-22	-0.0569652282078	-0.0648690485104	-0.0572301821253	-0.88
2013-01-23	-0.0565043521516	-0.0534683423865	-0.057263844582	0.88
2013-01-24	-0.0539810573225	-0.0444370844231	-0.0562478498334	-1.05
2013-01-25	-0.062112962017	-0.0354948391267	-0.0573814481475	-2.66
2013-01-28	-0.0497085944705	-0.0311605591634	-0.0557187731395	7.29
2013-01-29	-0.034703738687	-0.0300709906201	-0.0512686183559	5.43
2013-01-30	-0.0340195850551	-0.057012370662	-0.0469051875104	0.48
2013-01-31	-0.0348200593967	-0.0674834905	-0.0430729879253	-0.16
2013-02-01	-0.0268730790304	-0.0528984875013	-0.0363104587715	3.85
2013-02-04	-0.0338441385023	-0.0695881593465	-0.0329603493523	-2.16
2013-02-05	-0.0391321471276	-0.0654302748206	-0.03389631091	-0.32
2013-02-06	-0.0343231239592	-0.0434351590803	-0.0335810389591	1.58
2013-02-07	-0.0318036443848	-0.048252435638	-0.0330010853799	1.09
2013-02-08	-0.0274313378285	-0.0485749892992	-0.0317734957989	2.47
2013-02-18	-0.04193684787	-0.0493942483396	-0.0333744186264	-4.82
2013-02-19	-0.0451280853158	-0.0476151267595	-0.0348600718815	-3.16
2013-02-20	-0.0482880142722	-0.0547762266764	-0.0371980045607	0.65
2013-02-21	-0.0567439153976	-0.064034955307	-0.043978579873	-5.68
2013-02-22	-0.0574665085868	-0.0519777139588	-0.0490564713675	-0.86
2013-02-25	-0.054610149111	-0.0300967797831	-0.0518335728963	1.56
2013-02-26	-0.0542296352632	-0.0445803830523	-0.0556329692902	-0.85
2013-02-27	-0.047165771846	-0.0332353985627	-0.0544961777017	2.76
2013-02-28	-0.0437558806703	-0.0453708468908	-0.0516698174397	3.86
2013-03-01	-0.0486928973471	-0.0518163045806	-0.0496728875011	-0.97
2013-03-04	-0.0597126168156	-0.0665273334833	-0.0510715805611	-7.01
2013-03-05	-0.0554631703819	-0.0611119292317	-0.0507506884222	4.04
2013-03-06	-0.0597800143069	-0.0737997465618	-0.0533236436938	0.0
2013-03-07	-0.0534940464644	-0.0582709779541	-0.0552690663524	0.67
2013-03-08	-0.0591893067963	-0.0485990527869	-0.0581105311182	-2.35
2013-03-11	-0.0586941374946	-0.0386562738582	-0.0570247626804	-0.34
2013-03-12	-0.0619640414228	-0.041839276838	-0.0584705719142	-2.75
2013-03-13	-0.06682785993	-0.0343527339075	-0.0598859891674	-2.83
2013-03-14	-0.068417569063	-0.035997552609	-0.0628695217528	0.0
2013-03-15	-0.0690954790538	-0.04406886113	-0.0650331648627	0.36
2013-03-18	-0.0675406365345	-0.0432010403591	-0.0654895000142	-1.63
2013-03-19	-0.0556008222743	-0.0168777673174	-0.0650872073731	4.98
2013-03-20	-0.0528098242176	-0.030235568967	-0.0629710438548	4.57
2013-03-21	-0.0576326067318	-0.0377607301471	-0.0603477771932	-0.84
2013-03-22	-0.0536505989641	-0.0158127461549	-0.0574553776539	1.53
2013-03-25	-0.0634958345352	-0.0358713140162	-0.0567927454078	-3.17
2013-03-26	-0.0700455083807	-0.0326442679751	-0.0600561556395	-3.1
2013-03-27	-0.0685504749565	-0.0327615266154	-0.0631610599823	0.89
2013-03-28	-0.0784918996789	-0.0483023399463	-0.0674050097419	-6.17
2013-03-29	-0.0820169786977	-0.0361611310847	-0.072599361227	-1.69
2013-04-01	-0.0803278023081	-0.0435646884732	-0.075839480521	0.76
2013-04-02	-0.0752393370156	-0.0462426450049	-0.0771965154684	0.76
2013-04-03	-0.0756471625727	-0.0383359735477	-0.0769324156206	-1.51
2013-04-08	-0.0781776638881	-0.0466856177883	-0.075548589521	-1.34
2013-04-09	-0.0683908129732	-0.0270036393939	-0.0748999362225	4.84
2013-04-10	-0.0687940995701	-0.0374161138075	-0.0729755205147	-0.55
2013-04-11	-0.0719475770852	-0.0316549204387	-0.0728177682252	-1.49
2013-04-12	-0.0706160416735	-0.0287964902937	-0.0717809280106	-0.38
2013-04-15	-0.0592508806855	-0.00990333695619	-0.0685038414209	2.65
2013-04-16	-0.0438258285464	0.0177713648638	-0.0630720411479	6.09
2013-04-17	-0.0482028759813	-0.00650536886052	-0.058847945122	-0.52
2013-04-18	-0.0481325930241	-0.00847117181723	-0.0542850927388	0.35
2013-04-19	-0.050982604548	0.00960850851973	-0.0501809667347	1.92
2013-04-22	-0.0571647154554	-0.0270600040946	-0.0490321140163	-1.71
2013-04-23	-0.0661366205568	-0.0290404642493	-0.0541669694297	-6.09
2013-04-24	-0.0622009677917	-0.0295610611537	-0.056966423082	4.07
2013-04-25	-0.0581286297947	-0.0361033896018	-0.0586323598199	-0.53
2013-04-26	-0.0548689979219	-0.0332249271912	-0.0596119515427	-0.36
2013-05-02	-0.0518478643525	-0.0327108439269	-0.0586552129045	1.26
2013-05-03	-0.0517325834428	0.00110947939242	-0.0556722787025	2.13
2013-05-06	-0.053017606353	-0.0260825134001	-0.0539162903774	1.56
2013-05-07	-0.0598368535191	-0.0324554107323	-0.0542304634515	-1.88
2013-05-08	-0.0673542686732	-0.0416950942207	-0.0567173397867	-1.39
2013-05-09	-0.0692562768123	-0.0298653995994	-0.0589276331579	-1.41
2013-05-10	-0.0746219028778	-0.0430611350105	-0.0655134921655	-0.72
2013-05-13	-0.0792256108976	-0.0399072667538	-0.0709419289576	-1.62
2013-05-14	-0.0734305049895	-0.0443328525511	-0.0719114114115	-0.55
2013-05-15	-0.0773344650016	-0.0452429714098	-0.0754854820896	0.55
2013-05-16	-0.074586429977	-0.051542861987	-0.0761157067385	2.75
2013-05-17	-0.0790606138485	-0.0572681928066	-0.0773217305742	0.71
2013-05-20	-0.0810966541355	-0.068593102683	-0.0782760224066	0.53
2013-05-21	-0.0837953831442	-0.072752909372	-0.078793396047	-0.18
2013-05-22	-0.0844856101045	-0.0712937050539	-0.0812247237799	-0.35
2013-05-23	-0.0884704799654	-0.0620901329041	-0.0835389494852	-2.48
2013-05-24	-0.0904189508558	-0.0582635524225	-0.0855169933185	0.73
2013-05-27	-0.0856944502485	-0.0561630144386	-0.0856154052731	1.81
2013-05-28	-0.0814581098365	-0.0423765990441	-0.0860852248147	2.48
2013-05-29	-0.0857974096533	-0.0540428911576	-0.0864146792085	-1.04
2013-05-30	-0.0819783115391	-0.0374114685084	-0.0851739633203	0.87
2013-05-31	-0.0853681235845	-0.0485274690075	-0.084666501765	-2.25
2013-06-03	-0.0815574755361	-0.0556017553459	-0.0815367861055	-0.18
2013-06-04	-0.0845969219077	-0.0510833618603	-0.0839833387863	-2.66
2013-06-05	-0.0877381488289	-0.031251519392	-0.0842254557727	-0.91
2013-06-06	-0.0860037751221	-0.0430557210831	-0.0850912505342	-0.92
2013-06-07	-0.0874790913747	-0.0353422556086	-0.0862004288123	-2.23
2013-06-13	-0.0936180890372	-0.0474883509212	-0.0881695118897	-6.08
2013-06-14	-0.0987838323816	-0.0495884574844	-0.0909414275767	0.2
2013-06-17	-0.103517338188	-0.0560770513985	-0.0940577535643	-1.62
2013-06-18	-0.10227534297	-0.0468647359033	-0.0967038812981	0.82
2013-06-19	-0.102420430232	-0.0411652658614	-0.0998007952556	-0.81
2013-06-20	-0.097051920953	-0.0525114057532	-0.100655719583	-2.67
2013-06-21	-0.096133370051	-0.0490083715279	-0.0998269066863	0.0
2013-06-24	-0.0876778918443	-0.0628342550429	-0.0967901338818	-5.06
2013-06-25	-0.0948624837133	-0.0829420469506	-0.0954139074819	-3.11
2013-06-26	-0.101915757231	-0.0694938780222	-0.0954534716784	-0.69
2013-06-27	-0.10230020083	-0.0629084329982	-0.0961099096967	-1.62
2013-06-28	-0.100676656754	-0.0476454512509	-0.0974857958008	2.35
2013-07-01	-0.105888089974	-0.0550233093235	-0.101890692664	0.69
2013-07-02	-0.11052500009	-0.0640402428356	-0.104197554855	-0.46
2013-07-03	-0.114837011832	-0.0638627194088	-0.107167762199	-1.83
2013-07-04	-0.114828130043	-0.0554421422641	-0.109725806599	0.93
2013-07-05	-0.112105117701	-0.0534313160537	-0.110694280597	0.0
2013-07-08	-0.108468406447	-0.0500000457714	-0.111818794924	-3.0
2013-07-09	-0.11098560575	-0.0365963682983	-0.11182875354	-0.71
2013-07-10	-0.113538243592	-0.0445639290736	-0.112113444197	3.36
2013-07-11	-0.110279934821	-0.0632884176216	-0.111667386816	7.19
2013-07-12	-0.113521733617	-0.0687135224831	-0.110341900469	-3.9
2013-07-15	-0.110554778454	-0.0505199012022	-0.111395300104	4.28
2013-07-16	-0.111421624299	-0.0589662406482	-0.111698136565	0.43
2013-07-17	-0.111160994157	-0.0652225575598	-0.111318790285	-2.15
2013-07-18	-0.112115437205	-0.0583529009618	-0.11188897873	-1.76
2013-07-19	-0.114513406346	-0.0661151126415	-0.113198298278	-3.58
2013-07-22	-0.115644637951	-0.0554842309737	-0.113237051512	1.16
2013-07-23	-0.119143877082	-0.0649718277046	-0.11472269069	2.98
2013-07-24	-0.114577319964	-0.0672839132531	-0.114951527946	2.0
2013-07-25	-0.112496755401	-0.0628806995727	-0.115151309675	-1.09
2013-07-26	-0.115594419987	-0.0491566158278	-0.115505230459	-1.99
2013-07-29	-0.11583800109	-0.051123959303	-0.116776839066	-2.7
2013-07-30	-0.111240799264	-0.0494306731917	-0.114901765813	2.08
2013-07-31	-0.112896386098	-0.0452289078475	-0.114272131179	-0.45
2013-08-01	-0.114925887656	-0.053728265272	-0.114430646834	3.42
2013-08-02	-0.115950223569	-0.0528219927093	-0.114307320762	-0.22
2013-08-05	-0.118285470009	-0.0569101784213	-0.114739533755	1.32
2013-08-06	-0.122588061492	-0.0732729504634	-0.117515112855	0.22
2013-08-07	-0.118332074323	-0.0555297875459	-0.118446820448	0.22
2013-08-08	-0.121975351051	-0.050321114884	-0.119687614958	-1.3
2013-08-09	-0.119431511727	-0.053195311479	-0.120086815352	1.54
2013-08-12	-0.119368738614	-0.0700221924834	-0.12097159695	3.46
2013-08-13	-0.120057564653	-0.0605830222285	-0.119594621272	-0.42
2013-08-14	-0.120737970342	-0.0624024284515	-0.119537647063	-1.05
2013-08-15	-0.120371691916	-0.0635410851732	-0.119627493055	-1.7
2013-08-16	-0.114782563224	-0.0485047521695	-0.119286869899	0.22
2013-08-19	-0.127389416843	-0.044111296371	-0.122120898178	-2.37
2013-08-20	-0.125825003438	-0.0583920567747	-0.122734140067	-0.44
2013-08-21	-0.121280977001	-0.0526640328513	-0.120985401517	1.11
2013-08-22	-0.123635371113	-0.0529867073107	-0.121821715468	-0.88
2013-08-23	-0.129045093168	-0.0706884908207	-0.1256678055	-1.77
2013-08-26	-0.126271198386	-0.060185356119	-0.125685297083	4.5
2013-08-27	-0.126200689359	-0.0666069040676	-0.126054257839	0.86
2013-08-28	-0.127507679696	-0.0926952694821	-0.127093745672	-1.28
2013-08-29	-0.124982270513	-0.064427761152	-0.127017812862	0.43
2013-08-30	-0.118657434539	-0.0749209411085	-0.124698314594	1.08
2013-09-02	-0.118863199612	-0.0799444824255	-0.1220190459	0.64
2013-09-03	-0.12439791379	-0.0703824431566	-0.121940491798	0.0
2013-09-04	-0.126353040884	-0.0756626522851	-0.122040954079	-0.64
2013-09-05	-0.130355584803	-0.0718430635772	-0.123696466114	-1.49
2013-09-06	-0.13183214038	-0.0773421446183	-0.126199392867	0.43
2013-09-09	-0.128151242957	-0.0831784307427	-0.128145895683	4.53
2013-09-10	-0.124248012577	-0.0903160643365	-0.128140906651	2.89
2013-09-11	-0.121601265597	-0.0928519890347	-0.125814066716	0.0
2013-09-12	-0.118402046146	-0.0759954062087	-0.123865884986	1.6
2013-09-13	-0.124578849531	-0.0816498778955	-0.122752894152	-1.97
2013-09-16	-0.130037467475	-0.0807389758231	-0.124890332093	-1.21
2013-09-17	-0.126756968261	-0.0850857997835	-0.125116822348	-1.63
2013-09-18	-0.126720470556	-0.0690153395652	-0.123865395354	0.62
2013-09-23	-0.131976417282	-0.0848192069314	-0.12640468591	1.44
2013-09-24	-0.136002764312	-0.0994409401454	-0.128215695818	-1.83
2013-09-25	-0.137108810052	-0.0962307492238	-0.129912413327	-1.24
2013-09-26	-0.133745422953	-0.0824689952571	-0.133100328508	-1.46
2013-09-27	-0.13257493125	-0.0711350032185	-0.133576653929	0.85
2013-09-30	-0.139198929233	-0.0623576006676	-0.135823279076	-0.63
2013-10-08	-0.141801404085	-0.0789849470604	-0.13635093698	0.85
2013-10-09	-0.147203160319	-0.0775079660392	-0.139897100898	-0.21
2013-10-10	-0.150686728362	-0.0922642294902	-0.142495206643	-3.16
2013-10-11	-0.152043705262	-0.100873729268	-0.146770029976	1.96
2013-10-14	-0.154826363336	-0.107724370122	-0.149159356156	-0.43
2013-10-15	-0.155627008489	-0.0941797519567	-0.151766764205	-0.43
2013-10-16	-0.152682226021	-0.0920021320264	-0.153357297149	-2.8
2013-10-17	-0.15131462769	-0.0793833488509	-0.153101395916	0.22
2013-10-18	-0.150041385903	-0.056067270592	-0.152110022436	1.1
2013-10-21	-0.156580219635	-0.0829733706921	-0.1520394846	0.87
2013-10-22	-0.153280058668	-0.0953949471125	-0.151764862403	-1.08
2013-10-23	-0.148386322027	-0.0856242200244	-0.151699607911	-0.66
2013-10-24	-0.147984991209	-0.0639096550698	-0.151260675581	-1.1
2013-10-25	-0.141290576314	-0.0742986336033	-0.148594261705	-1.11
2013-10-28	-0.141414700629	-0.0645323504897	-0.145550819462	-0.23
2013-10-29	-0.134868134332	-0.0797801970427	-0.142570039389	1.58
2013-10-30	-0.138484120743	-0.0677262428662	-0.140754549218	0.89
2013-10-31	-0.132850642681	-0.0701652307474	-0.137326745462	-0.66
2013-11-01	-0.132891752824	-0.0511305098706	-0.13671628107	0.67
2013-11-04	-0.137196628452	-0.0488113947143	-0.1365250633	-1.1
2013-11-05	-0.14206076903	-0.0526267978124	-0.137806219205	-0.89
2013-11-06	-0.141767193502	-0.0639711863348	-0.138093535974	-1.8
2013-11-07	-0.140281886165	-0.0521363526208	-0.139712573891	-0.69
2013-11-08	-0.136810184991	-0.0469336874408	-0.139446268655	-1.15
2013-11-11	-0.139872344289	-0.0456428644147	-0.139717328968	-0.93
2013-11-12	-0.141275224352	-0.0522561388985	-0.139639080574	0.94
2013-11-13	-0.140882250136	-0.0566320596347	-0.139803471628	-2.56
2013-11-14	-0.142863221924	-0.0635950555828	-0.140288613644	1.2
2013-11-15	-0.139434267954	-0.0623568466761	-0.14080484968	4.73
2013-11-18	-0.137279679113	-0.0581010501383	-0.14024840169	4.97
2013-11-19	-0.142163221736	-0.0643140401008	-0.140411163254	-2.37
2013-11-20	-0.14376359041	-0.0653992288755	-0.141046424082	0.44
2013-11-21	-0.142398724512	-0.0684754457073	-0.141448009193	0.0
2013-11-22	-0.142479981005	-0.0581842200009	-0.141947681028	-0.88
2013-11-25	-0.143161046401	-0.0601965425212	-0.143186090686	-0.88
2013-11-26	-0.140047490917	-0.0566217781234	-0.142191553976	0.89
2013-11-27	-0.135342627964	-0.0417229807708	-0.140462636606	4.2
2013-11-28	-0.140152846589	-0.06758581281	-0.140086358454	0.0
2013-11-29	-0.142440801314	-0.0647894698972	-0.140156215134	-0.42
2013-12-02	-0.122743226796	-0.0477295323515	-0.135881129119	3.62
2013-12-03	-0.12932661955	-0.0610608356864	-0.133809749168	-0.21
2013-12-04	-0.134702561295	-0.0800336710519	-0.133745350959	0.0
2013-12-05	-0.131669984727	-0.0667747064275	-0.132112672511	0.41
2013-12-06	-0.13472352761	-0.0554166820967	-0.130264296765	-2.05
2013-12-09	-0.135032719503	-0.054825446526	-0.132358760605	0.21
2013-12-10	-0.136202280628	-0.0614179875288	-0.1340355569	-0.42
2013-12-11	-0.138488357423	-0.0531790166256	-0.134972141885	-2.73
2013-12-12	-0.140324829111	-0.0496800841845	-0.136902490951	-0.22
2013-12-13	-0.137893464328	-0.0510220259638	-0.137638387299	0.87
2013-12-16	-0.139177675029	-0.0571919931561	-0.139101768998	-2.58
2013-12-17	-0.139286099549	-0.0424260864101	-0.139731718508	-0.88
2013-12-18	-0.137440333578	-0.0394696358567	-0.139323829482	0.44
2013-12-19	-0.136150104061	-0.0430421730067	-0.137362520011	-0.44
2013-12-20	-0.134416601971	-0.0498527592648	-0.136303116098	-2.22
2013-12-23	-0.134338327043	-0.0476998346275	-0.135234244556	0.45
2013-12-24	-0.13751120178	-0.0476050406383	-0.134789996904	-0.68
2013-12-25	-0.137261619105	-0.0409328904781	-0.135579786774	1.59
2013-12-26	-0.136776976758	-0.0503950506882	-0.135801634854	-2.47
2013-12-27	-0.138047515446	-0.044777405849	-0.136519208809	2.07
2013-12-30	-0.137246636439	-0.0440900828888	-0.13722423716	0.45
2013-12-31	-0.135854813412	-0.048621540897	-0.136528537325	1.79
2014-01-02	-0.139953305445	-0.0522112645083	-0.137518364282	-1.1
2014-01-03	-0.141915074803	-0.0593349213749	-0.13910145089	-1.78
2014-01-06	-0.134465406369	-0.0578014634382	-0.138307931336	-1.13
2014-01-07	-0.13538690876	-0.0462273616607	-0.137851624965	0.23
2014-01-08	-0.133922471883	-0.052150904481	-0.137090089889	1.37
2014-01-09	-0.132143172944	-0.0624520710162	-0.135000136605	-1.13
2014-01-10	-0.130491122653	-0.0448846957604	-0.132328109505	-1.37
2014-01-13	-0.130287055676	-0.050505139079	-0.13181630024	-0.46
2014-01-14	-0.131745007717	-0.0530651970137	-0.131674177565	1.4
2014-01-15	-0.133954468896	-0.0519507539246	-0.131857343191	-0.46
2014-01-16	-0.131865181519	-0.0498197415999	-0.131850545762	0.69
2014-01-17	-0.124554517741	-0.044081372798	-0.130514654209	0.69
2014-01-20	-0.11928922702	-0.0388289092245	-0.128271715343	0.91
2014-01-21	-0.121733517988	-0.0378848949947	-0.125481520195	0.45
2014-01-22	-0.126668079194	-0.0631671746633	-0.124227234961	1.79
2014-01-23	-0.129858553745	-0.0606048037135	-0.12399900892	-1.32
2014-01-24	-0.131417504014	-0.0633015283883	-0.125566905743	0.89
2014-01-27	-0.134723381218	-0.063417064562	-0.129136113131	-3.1
2014-01-28	-0.133647632879	-0.0588494011271	-0.130212530577	0.23
2014-01-29	-0.13437610153	-0.0574091826072	-0.13171925466	0.46
2014-01-30	-0.133591006733	-0.0501129568491	-0.132372308559	-1.13
2014-02-07	-0.136828773297	-0.0554118432474	-0.133428196057	0.23
2014-02-10	-0.141590059395	-0.0826596067768	-0.135741196936	2.06
2014-02-11	-0.142137784909	-0.0943742018643	-0.136363678081	0.45
2014-02-12	-0.143093790727	-0.0800665965472	-0.138032802415	0.45
2014-02-13	-0.142545842204	-0.0814446008359	-0.139650091196	-2.0
2014-02-14	-0.145759845861	-0.0688051756328	-0.141404897636	0.45
2014-02-17	-0.14884306823	-0.0907410742181	-0.144130561421	0.45
2014-02-18	-0.151166837531	-0.0886367247693	-0.146318496661	-2.25
2014-02-19	-0.149321276118	-0.0855316391842	-0.147130834105	1.15
2014-02-20	-0.150018267702	-0.0857099140155	-0.148947776369	-1.82
2014-02-21	-0.154511403903	-0.0565465248433	-0.151310081373	-3.01
2014-02-24	-0.151550888476	-0.0810084998291	-0.151533001019	-1.19
2014-02-25	-0.146129958474	-0.0947615382386	-0.149899724309	-3.14
2014-02-26	-0.149718268199	-0.078033365905	-0.150037377784	-1.25
2014-02-27	-0.143988193806	-0.0847052328628	-0.148805952547	0.76
2014-02-28	-0.139109436289	-0.0597617986583	-0.146059525538	4.51
2014-03-03	-0.147346841058	-0.0726031141946	-0.145314268783	-1.68
2014-03-04	-0.144623147701	-0.0739819331543	-0.144938324569	0.24
2014-03-05	-0.145856143831	-0.0628895743297	-0.143371735885	-2.19
2014-03-06	-0.143590648735	-0.063283543774	-0.143506989704	1.0
2014-03-07	-0.14781208686	-0.0627231615624	-0.145973207466	-1.72
2014-03-10	-0.144056521874	-0.0572697446187	-0.145241281964	-4.01
2014-03-11	-0.14458896822	-0.0573638345439	-0.145335892981	0.26
2014-03-12	-0.14578499258	-0.0615351842125	-0.144428399237	-0.78
2014-03-13	-0.148511529281	-0.0585446970529	-0.145490811538	1.05
2014-03-14	-0.149133334574	-0.0553511296556	-0.146263543608	-1.3
2014-03-17	-0.152681176037	-0.0510415665428	-0.148565634712	0.79
2014-03-18	-0.149415895811	-0.0531361611738	-0.149724062563	1.57
2014-03-19	-0.148618729278	-0.0665523492958	-0.149968280253	-1.29
2014-03-20	-0.1441958121	-0.0611835826931	-0.149437748088	-1.56
2014-03-21	-0.147274465475	-0.0663283554426	-0.148988071516	3.17
2014-03-24	-0.13005500731	-0.00249363542769	-0.143976588689	8.97
2014-03-25	-0.121921486584	0.0124285118996	-0.139265418198	4.24
2014-03-26	-0.127954242351	-0.0138792955599	-0.134860114075	-2.48
2014-03-27	-0.125417303826	-0.030280576118	-0.131056768069	-1.16
2014-03-28	-0.127063448103	-0.036070234755	-0.126758410658	-2.34
2014-03-31	-0.126974047894	-0.0279996979177	-0.126025241164	-0.24
2014-04-01	-0.130086747839	-0.0307432872515	-0.127068216269	0.0
2014-04-02	-0.126925704759	-0.0305730420908	-0.126959008337	1.92
2014-04-03	-0.124819033645	-0.00255093825886	-0.12725388004	0.24
2014-04-04	-0.122673441706	-0.015673772258	-0.126673926031	2.82
2014-04-08	-0.114699478654	-0.0141281627788	-0.122919337525	5.72
2014-04-09	-0.117299427988	-0.0364377915437	-0.120810996604	-0.22
2014-04-10	-0.117100416031	-0.0220831983821	-0.119549821193	1.95
2014-04-11	-0.120741274912	-0.0544000941599	-0.118347352295	-1.91
2014-04-14	-0.124036675938	-0.0518270018485	-0.119212896408	-0.65
2014-04-15	-0.128172340417	-0.0398077107594	-0.12232320313	-3.28
2014-04-16	-0.124940709274	-0.0251280875037	-0.123341788781	1.13
2014-04-17	-0.128155329324	-0.0266168656704	-0.125441241095	-1.56
2014-04-18	-0.127789610417	-0.028746793796	-0.127094904751	0.45
2014-04-21	-0.128122957945	-0.0368492540421	-0.127905073044	-2.48
2014-04-22	-0.12310477165	-0.0425821839754	-0.125973338624	1.39
2014-04-23	-0.125548763318	-0.0380522956063	-0.126222844248	-1.37
2014-04-24	-0.123223092834	-0.0375776926291	-0.12562792572	0.46
2014-04-25	-0.121150840663	-0.0401990343068	-0.124423934101	-1.15
2014-04-28	-0.121255747432	-0.0421928351407	-0.121950617542	-3.96
2014-04-29	-0.122956572993	-0.0268510974807	-0.122264118661	1.46
2014-04-30	-0.127795587581	-0.0338583200015	-0.123112627177	-1.2
2014-05-05	-0.127371203987	-0.0378212816795	-0.123859778633	0.73
2014-05-06	-0.130176147033	-0.0417413086505	-0.126577113446	-0.48
2014-05-07	-0.125971004209	-0.0368715618282	-0.12728587872	-0.24
2014-05-08	-0.114968390891	-0.00435735604841	-0.125363375186	4.6
2014-05-09	-0.112220543116	-0.0135715051511	-0.122736436115	0.93
2014-05-12	-0.11573365779	-0.022161072357	-0.119415691543	1.83
2014-05-13	-0.119707177421	-0.0389907018337	-0.11817624433	-1.58
2014-05-14	-0.117744900378	-0.0132298239833	-0.11606791523	0.46
2014-05-15	-0.120512633621	-0.021160489404	-0.117094963156	-3.64
2014-05-16	-0.124603078897	-0.0193298449477	-0.119654824618	-1.89
2014-05-19	-0.124186821813	-0.0275290851705	-0.121245572755	-1.45
2014-05-20	-0.124668851827	-0.0310823100533	-0.122595513902	0.0
2014-05-21	-0.125860762196	-0.0243479103491	-0.123989435712	0.98
2014-05-22	-0.127937675717	-0.0357987526411	-0.126022084913	-0.97
2014-05-23	-0.129801855246	-0.0285272538389	-0.126912612521	0.49
2014-05-26	-0.132537100305	-0.0486648190096	-0.128426458021	0.0
2014-05-27	-0.130095340308	-0.0293012339416	-0.129401535629	0.24
2014-05-28	-0.130844076723	-0.0335353548553	-0.130260834233	1.46
2014-05-29	-0.132616027837	-0.0451912642526	-0.131303078237	-2.15
2014-05-30	-0.134034586367	-0.0441581552495	-0.132916030408	0.24
2014-06-03	-0.135651840036	-0.02400091484	-0.131309112892	-2.2
2014-06-04	-0.138318325264	-0.022073447352	-0.13380322714	-2.49
2014-06-05	-0.13974987138	-0.0369302760618	-0.135714062543	1.28
2014-06-06	-0.138300375157	-0.026052103792	-0.137016138196	-0.25
2014-06-09	-0.137195034902	-0.0369164578429	-0.138000270395	-0.25
2014-06-10	-0.13681945372	-0.0387238028211	-0.137605603334	2.03
2014-06-11	-0.139622726264	-0.0468191739501	-0.137993953105	-0.75
2014-06-12	-0.139696971757	-0.0482484244599	-0.138123255546	-0.5
2014-06-13	-0.140337351896	-0.0560567460279	-0.138655769341	1.26
2014-06-16	-0.142172860647	-0.0546119288331	-0.139108349287	0.0
2014-06-17	-0.143394572776	-0.0501936497969	-0.141081011645	-1.74
2014-06-18	-0.1437671969	-0.0542872932254	-0.142785341353	-0.25
2014-06-19	-0.140054300748	-0.0517740853969	-0.142359402608	-1.78
2014-06-20	-0.141984124094	-0.0413767435295	-0.143222875167	0.52
2014-06-23	-0.142345131645	-0.0444107265334	-0.143352156749	0.77
2014-06-24	-0.142573845853	-0.0430976558412	-0.14265263628	1.02
2014-06-25	-0.142818254876	-0.0434347522271	-0.142493776204	-0.76
2014-06-26	-0.139686136832	-0.0265196966683	-0.14210518897	3.05
2014-06-30	-0.13531759274	0.0171398317967	-0.140558391452	3.21
2014-07-01	-0.137578835054	-0.0390396928721	-0.139344915863	-0.48
2014-07-02	-0.127138788445	0.0130249674825	-0.137336320808	5.53
2014-07-03	-0.130634721392	-0.0343143745346	-0.134095162359	-0.68
2014-07-04	-0.129384543759	-0.0339758480117	-0.132033916192	0.0
2014-07-07	-0.12663876112	-0.0401786633275	-0.13024373558	0.46
2014-07-08	-0.12982022027	-0.0459030262165	-0.129462459775	-0.46
2014-07-09	-0.126392697274	-0.051894825218	-0.128489430463	-1.38
2014-07-10	-0.124705090692	-0.0571303733871	-0.126904251986	0.0
2014-07-11	-0.1258004412	-0.0561557810894	-0.126346988566	0.47
2014-07-14	-0.126460400675	-0.0565457103693	-0.126599349676	1.85
2014-07-15	-0.128092050812	-0.0753465710322	-0.126033482756	-0.91
2014-07-16	-0.128870272735	-0.0707453432794	-0.126966872486	-0.69
2014-07-17	-0.128993443042	-0.0460860960656	-0.127421195557	-1.15
2014-07-18	-0.127737135974	-0.0378784502265	-0.12828575421	1.17
2014-07-21	-0.129941634727	-0.0501508442275	-0.128546115187	-1.15
2014-07-22	-0.129577341982	-0.0497266142879	-0.128848892286	2.34
2014-07-23	-0.128301781892	-0.0417037590891	-0.128920054706	0.0
2014-07-24	-0.122735761764	-0.0166988681339	-0.127501553292	3.88
2014-07-25	-0.11789079161	0.00217218382354	-0.12565539044	3.96
2014-07-28	-0.117554041219	-0.0280562221324	-0.123651804158	4.02
2014-07-29	-0.119057729625	-0.072012927881	-0.121521114795	0.2
2014-07-30	-0.111056449465	0.00245515606776	-0.118272605588	3.04
2014-07-31	-0.106169728747	-0.0228850589854	-0.114434873406	3.15
2014-08-01	-0.11102074535	-0.0494532608632	-0.113356346569	-2.67
2014-08-04	-0.111383692055	-0.0195455777878	-0.111965532789	2.35
2014-08-05	-0.114989850558	-0.0554202940814	-0.111407569224	-0.77
2014-08-06	-0.117764443821	-0.0466743769932	-0.112094731727	-0.97
2014-08-07	-0.120762009427	-0.0474466019623	-0.114799457584	-3.12
2014-08-08	-0.118796405969	-0.0416041191438	-0.115876156406	1.01
2014-08-11	-0.121397828357	-0.0491577470309	-0.118849704647	1.59
2014-08-12	-0.119324240287	-0.0416681777606	-0.120356629703	0.98
2014-08-13	-0.11983854231	-0.0553733494931	-0.119584594347	-0.58
2014-08-14	-0.119161448872	-0.063663051395	-0.119338257523	-1.37
2014-08-15	-0.111939898583	-0.0141232488346	-0.117527838943	4.16
2014-08-18	-0.113877503571	-0.0222452276054	-0.116280734557	0.95
2014-08-19	-0.119015654145	-0.0611410869187	-0.117038350857	-1.13
2014-08-20	-0.115330767232	-0.0535481883697	-0.116167626593	0.95
2014-08-21	-0.118625607933	0.00494535797707	-0.116548741413	-1.13
2014-08-22	-0.113869828687	-0.0398179576756	-0.116010366486	2.1
2014-08-25	-0.117290052527	-0.0589403704645	-0.116434804386	-2.43
2014-08-26	-0.119214634914	-0.0620863793726	-0.1164157668	-2.49
2014-08-27	-0.120044626123	-0.0531607147467	-0.117490642157	0.0
2014-08-28	-0.115295661312	-0.0479899202847	-0.117051103551	0.79
2014-08-29	-0.114733291675	-0.0452695208342	-0.117405390513	1.95
2014-09-01	-0.118076388904	-0.0606468549553	-0.117862981737	0.57
2014-09-02	-0.117019830266	-0.0626471441706	-0.117343149343	2.28
2014-09-03	-0.122918815519	-0.0837111935796	-0.118377381774	-0.37
2014-09-04	-0.11070357544	-0.0321881587286	-0.117972507485	5.6
2014-09-05	-0.103768012756	-0.0412700874331	-0.114368324076	3.0
2014-09-09	-0.108373120017	-0.0635135674401	-0.112268396262	-1.37
2014-09-10	-0.108581791213	-0.0475627615127	-0.110844608162	-0.17
2014-09-11	-0.110172294022	-0.0385455688681	-0.107704029891	-1.05
2014-09-12	-0.110067532105	-0.0718018427819	-0.107914964458	1.06
2014-09-15	-0.0977724994188	-0.0156681482799	-0.10761746956	4.7
2014-09-16	-0.102419675877	-0.0751922901197	-0.106280015553	-4.99
2014-09-17	-0.0979258486134	-0.0261681604633	-0.105009991081	2.63
2014-09-18	-0.105909507399	-0.0230717933574	-0.103150801984	-2.22
2014-09-19	-0.103604356643	0.068613898902	-0.101374403128	1.75
2014-09-22	-0.105158036631	0.0537047497597	-0.10360455776	-2.4
2014-09-23	-0.105891458466	0.0451111431919	-0.103429941929	0.88
2014-09-24	-0.0910984656739	0.214952090452	-0.102490665222	7.14
2014-09-25	-0.0929364702464	0.162732021785	-0.0996060529928	-0.65
2014-09-26	-0.0902511917996	0.0585032477159	-0.0968868292628	0.98
2014-09-29	-0.0884007138211	0.157473224215	-0.0934221017168	1.13
2014-09-30	-0.089679042314	0.0160002436863	-0.0888028656	-0.48
2014-10-08	-0.0943580977344	-0.0193584384675	-0.0899347441403	0.16
2014-10-09	-0.10152250877	0.0138297424779	-0.0924923866048	-1.61
2014-10-10	-0.101439310566	-0.0252044985608	-0.0956112731935	-0.65
2014-10-13	-0.102468958342	-0.0388934412015	-0.0978769966926	-0.82
2014-10-14	-0.10190251588	-0.0317158231783	-0.100222744248	-0.33
2014-10-15	-0.094159316717	0.127030172645	-0.0999831049357	3.33
2014-10-16	-0.0959478856253	0.0467217143885	-0.0992678126838	-2.09
2014-10-17	-0.0873252634207	0.125731377881	-0.0961704153515	1.97
2014-10-20	-0.0908494682863	0.0465874761919	-0.093303661184	-0.16
2014-10-21	-0.0886547540279	0.0805460615211	-0.0908272882096	-0.65
2014-10-22	-0.0926630628918	0.042863841417	-0.0912315582362	-2.28
2014-10-23	-0.0929092232402	0.00389055337625	-0.0908195726592	-1.66
2014-10-24	-0.0925088040812	0.00759987423367	-0.0918573252145	0.0
2014-10-27	-0.106354691529	0.0580763236314	-0.0962211082594	-4.23
2014-10-28	-0.100066680483	0.0302576940773	-0.098157272487	5.12
2014-10-29	-0.0960811585671	0.0680259738381	-0.0984078642277	3.03
2014-10-30	-0.0964289463542	0.0279038701998	-0.0983068726355	0.49
2014-10-31	-0.0921789342606	0.131366002176	-0.0981223332534	2.44
2014-11-03	-0.0841240560335	0.335027392407	-0.093759146484	3.01
2014-11-04	-0.0818647798563	0.104629985125	-0.0907682132233	0.77
2014-11-05	-0.07366842364	0.180496823518	-0.0861685442323	1.98
2014-11-06	-0.0769198429922	0.0855044530126	-0.0823383569979	-0.3
2014-11-07	-0.0377136290544	0.565770980372	-0.0706704038781	10.06
2014-11-10	-0.00753142159575	0.799036927551	-0.0555115341467	9.96
2014-11-11	0.0183504643456	0.752353372111	-0.0350411004466	4.34
2014-11-12	0.0183123832843	0.447792462228	-0.0164979399149	1.43
2014-11-13	0.00844368980831	0.393061058915	0.000299354097611	-2.93
2014-11-14	-0.00161046311384	0.186115883969	0.00743633842873	-2.29
2014-11-17	-7.52653663866e-06	0.302704685953	0.00866040466795	0.62
2014-11-18	0.0129857473778	0.248122624297	0.00779848584278	2.58
2014-11-19	-0.000604460441196	0.172388329008	0.00386412628409	-2.99
2014-11-20	0.00685834779848	0.11809234176	0.00352507442092	1.48
2014-11-21	0.0448380989939	0.444981135276	0.0130773756581	9.98
2014-11-24	0.0837045333698	0.522937512109	0.0300162356186	9.85
2014-11-25	0.07216117886	0.225169788959	0.0424343691172	-0.91
2014-11-26	0.120411000346	0.449030109214	0.0665760417787	9.76
2014-11-27	0.156003525894	0.423744691059	0.0965382344569	6.67
2014-11-28	0.13245068283	0.371707433161	0.113688524148	-3.21
2014-12-01	0.12583873126	0.24931774343	0.121279320775	-0.72
2014-12-02	0.162590299095	0.388596130092	0.13911545444	8.22
2014-12-03	0.15255280895	0.388370622214	0.145581376327	-0.08
2014-12-04	0.200554068173	0.382346124111	0.155535008476	9.94
2014-12-05	0.274117615733	0.455044284714	0.18405073603	10.03
2014-12-08	0.331751851348	0.31897306821	0.226342850963	9.32
2014-12-09	0.289887946863	0.44788133406	0.252561922685	-7.39
2014-12-10	0.263263710418	0.368050641377	0.274670139344	-0.75
2014-12-11	0.199935457299	0.177836676472	0.273779609442	-8.11
2014-12-12	0.211231548158	0.253169755591	0.261432142806	2.02
2014-12-15	0.218877965259	0.047605015019	0.236586488642	1.76
2014-12-16	0.285824792258	0.36534192252	0.235831825096	10.01
2014-12-17	0.318376899458	0.400058718393	0.247386175756	3.86
2014-12-18	0.257683627153	0.123314647253	0.259250057058	-7.31
2014-12-19	0.244223001736	0.103724414149	0.265252850598	-0.95
2014-12-22	0.219871013838	-0.0383868393417	0.265557414595	-3.64
2014-12-23	0.24234661339	0.0620291039289	0.257108194337	1.07
2014-12-24	0.190495061043	0.10419459518	0.231369206579	-7.69
2014-12-25	0.20206793853	0.0693667139992	0.220178652897	3.59
2014-12-26	0.263008929578	0.236973126421	0.223737236574	10.1
2014-12-29	0.245932402323	0.128296353903	0.231128616983	-2.55
2014-12-30	0.255111620445	0.0985121133316	0.232097763896	0.55
2014-12-31	0.255853297455	0.123241726501	0.246199843663	1.16
2015-01-05	0.233824584333	-0.0422042938144	0.252226070417	-0.54
2015-01-06	0.211825140512	-0.0401672098159	0.240683261333	-2.24
2015-01-07	0.229162611447	0.125820356757	0.238240640562	2.15
2015-01-08	0.210856978198	0.0236638624209	0.228928524469	-3.54
2015-01-09	0.208500924133	0.0127228937269	0.218982727664	-0.85
2015-01-12	0.194743743711	0.00209632143524	0.211012231439	-2.42
2015-01-13	0.169036336712	0.0159615006618	0.202507541949	-3.13
2015-01-14	0.178274907057	-0.0370750906558	0.19168230513	0.83
2015-01-15	0.197843699136	0.0212777390872	0.189257817958	4.33
2015-01-16	0.178565621663	-0.0369294638682	0.183415433454	-1.72
2015-01-19	0.141730462408	-0.0954564918487	0.172540029707	-9.97
2015-01-20	0.0871200158109	0.133782379159	0.156444361807	-6.31
2015-01-21	0.119721571046	0.106267229072	0.146679025902	8.2
2015-01-22	0.119051651609	-0.0140458125717	0.131300775136	0.56
2015-01-23	0.134771756822	0.0639655222519	0.12213456676	1.9
2015-01-26	0.138217674809	0.0153163952338	0.122987444383	2.02
2015-01-27	0.126476479008	-0.0455791891921	0.130048567279	-1.98
2015-01-28	0.129292059642	-0.0384467019547	0.132236845944	-0.62
2015-01-29	0.112381738201	-0.0319246802628	0.131166281739	-3.29
2015-01-30	0.118763072254	-0.0446183520425	0.125189908128	-0.16
2015-02-02	0.100640415419	-0.0173907461092	0.117056667125	-4.14
2015-02-03	0.118289725224	-0.0219737141187	0.115644992805	4.57
2015-02-04	0.107374795041	-0.0278418867391	0.112151551306	-2.43
2015-02-05	0.112386235248	-0.0455128464359	0.111988258659	-0.17
2015-02-06	0.130432092646	-0.0374037733687	0.114211617089	1.08
2015-02-09	0.188513482733	0.256207227288	0.131180545766	9.2
2015-02-10	0.184418019818	0.168803226428	0.144314701098	0.9
2015-02-11	0.178326603571	0.0201660337999	0.159027742409	-0.15
2015-02-12	0.171325486375	0.0263338258697	0.170747178863	-0.6
2015-02-13	0.162409981589	-0.000832400909006	0.177190533489	-0.3
2015-02-16	0.154125279463	-0.0404067942518	0.1694665468	0.15
2015-02-17	0.167479520123	0.0296784943419	0.166593469786	2.26
2015-02-25	0.162226409149	-0.0144113566734	0.16294501452	-1.4
2015-02-26	0.195493122318	0.127031329649	0.168016522202	6.34
2015-02-27	0.18357371565	0.0164168388432	0.172459096333	-1.26
2015-03-02	0.184536467185	0.0115784613971	0.178169944793	1.21
2015-03-03	0.161407069906	-0.0129330852819	0.177068885692	-4.49
2015-03-04	0.153111646166	-0.0696276951718	0.175345381654	-0.22
2015-03-05	0.162182657145	-0.0384789343839	0.169010629972	0.74
2015-03-06	0.160350432374	-0.0386152343611	0.164534656361	-1.1
2015-03-09	0.138091790265	0.0275192575438	0.155303148873	-2.14
2015-03-10	0.137091584791	-0.0305402898823	0.151153440596	0.08
2015-03-11	0.13282161094	-0.0390776449501	0.146308097904	-0.68
2015-03-12	0.142842081857	-0.0345812308351	0.142792760303	2.21
2015-03-13	0.160001559052	0.0449329675536	0.142919319074	2.98
2015-03-16	0.15466017471	-0.0278293119187	0.146451690112	1.3
2015-03-17	0.162624232456	0.0519615814533	0.151318874054	2.14
2015-03-18	0.156965735628	-0.0140470456386	0.155662696036	0.98
2015-03-19	0.147742566298	-0.0649452437809	0.156758350324	-1.18
2015-03-20	0.184034765696	0.216149395234	0.161413787129	5.46
2015-03-23	0.176910827298	0.0315171890823	0.167254408218	0.93
2015-03-24	0.150288532952	-0.0321905992229	0.164728603331	-2.7
2015-03-25	0.147672168625	-0.0661105855738	0.162787281159	-0.68
2015-03-26	0.146822040411	-0.0986984191046	0.162898445759	-0.48
2015-03-27	0.146216982661	-0.0684582534056	0.153969938926	0.55
2015-03-30	0.154534757795	-0.00792491288119	0.149060961891	3.13
2015-03-31	0.17741230152	0.110124211067	0.154808271496	2.04
2015-04-01	0.198281974012	0.143901313435	0.164370342109	4.2
2015-04-02	0.185780788981	-0.00914962948968	0.172696988651	-0.99
2015-04-03	0.197513929939	0.0521221382684	0.182598201813	2.38
2015-04-07	0.194068961406	-0.0271230821798	0.191193385991	1.1
2015-04-08	0.242480605828	0.126378899153	0.204225478833	5.26
2015-04-09	0.245353227798	0.147486152665	0.21453919159	-0.63
2015-04-10	0.236589258277	-0.0340456483496	0.225101689535	0.64
2015-04-13	0.207787022684	-0.0146069420914	0.226860630945	-1.9
2015-04-14	0.211536461799	-0.00635655958572	0.22953396909	0.64
2015-04-15	0.187472221732	-0.116049956047	0.21814386615	-4.54
2015-04-16	0.177849476504	-0.102426019787	0.204947932409	0.73
2015-04-17	0.196957785825	-0.010972996023	0.196798179729	3.69
2015-04-20	0.164473098738	-0.129194234996	0.188200483704	-4.61
2015-04-21	0.192575944799	0.0056712252601	0.183791532952	5.63
2015-04-22	0.238522216028	0.124784253847	0.194353229703	7.13
2015-04-23	0.214568233786	0.0694578282293	0.202248635705	-1.84
2015-04-24	0.177584289288	-0.0755518586988	0.199484281264	-4.13
2015-04-27	0.167924233376	-0.146486637147	0.199576996313	0.52
2015-04-28	0.195029689046	-0.0260845765279	0.199995013439	0.97
2015-04-29	0.173540077798	-0.101686514157	0.185750996557	-1.25
2015-04-30	0.154397216125	-0.128446349176	0.174118233178	-2.41
2015-05-04	0.14718013534	-0.133876926125	0.168992527254	0.0
2015-05-05	0.150167248926	-0.100490413997	0.164668368421	-3.29
2015-05-06	0.156205214683	-0.07974677565	0.156233239446	-0.43
2015-05-07	0.173723742108	-0.0724741126666	0.156286670296	0.12
2015-05-08	0.155949148267	-0.0745665092388	0.156743107717	0.18
2015-05-11	0.149900031094	-0.10164774733	0.157810841013	2.19
2015-05-12	0.158883209206	-0.025322192891	0.159675022605	2.5
2015-05-13	0.134277858964	-0.158020844722	0.154957381545	-2.85
2015-05-14	0.124649286901	-0.154875649914	0.144513272889	-1.26
2015-05-15	0.10583616774	-0.131554938383	0.134995881847	-3.57
2015-05-18	0.0947759866359	-0.142028671565	0.123797091881	-1.32
2015-05-19	0.125788794411	0.00708745763015	0.116772907471	6.55
2015-05-20	0.103331324193	-0.151678421859	0.11078202113	-1.91
2015-05-21	0.0810702749448	-0.16180951632	0.101617279952	-0.24
2015-05-22	0.0861477915326	-0.135523626804	0.0978742354717	2.56
2015-05-25	0.0869454071046	-0.126697772375	0.096761425874	2.8
2015-05-26	0.0863349455049	-0.0484938060967	0.0893443303861	2.2
2015-05-27	0.0804511517477	-0.065644150222	0.0851835015973	-0.28
2015-05-28	0.0525181858074	-0.152445932128	0.0792771820735	-9.71
2015-05-29	0.0413716071942	-0.133861950493	0.070005805246	-1.01
2015-06-01	0.0352206336119	-0.11962302621	0.0593840398322	4.64
2015-06-02	0.00826627514748	-0.172889274256	0.0438953360681	-0.61
2015-06-03	0.0120682470575	-0.187600672008	0.0303997488997	0.0
2015-06-04	0.0255569988677	-0.120832713033	0.0255214450468	1.65
2015-06-05	0.0126833290367	-0.198287805226	0.0197111654433	0.0
2015-06-08	0.0422024444261	-0.072027723897	0.0218127761467	4.27
2015-06-09	0.0231952327039	-0.140251190396	0.0251357272008	-2.36
2015-06-10	0.0200069227838	-0.133137844423	0.0260003346165	0.18
2015-06-11	0.00223254009285	-0.163507976634	0.0208220796937	-1.47
2015-06-12	-0.00376559300095	-0.203254809522	0.0175791851926	0.3
2015-06-15	-0.0136788124688	-0.204275539674	0.00682352362196	-3.16
2015-06-16	0.00527993812718	-0.192364379565	0.00292015968982	-1.54
2015-06-17	-0.00233816165287	-0.179687648905	-0.00149939368152	0.88
2015-06-18	-0.0141439545568	-0.158258383308	-0.00517281350906	-5.33
2015-06-19	0.00717125357597	-0.120898052665	-0.00373716723308	-4.32
2015-06-23	0.0108437661389	-0.146788839249	0.00108118343927	3.42
2015-06-24	-0.00585889121924	-0.19365855383	-0.00077745184201	0.4
2015-06-25	0.00862286330811	-0.178588777477	0.000718371248785	-2.44
2015-06-26	0.0007967262345	-0.130306635648	0.00573834925285	-10.0
2015-06-29	-0.0222793500256	-0.192260594924	-0.000254620796663	-7.88
2015-06-30	-0.00422589996083	-0.213128355311	-0.00271056604382	9.54
2015-07-01	-0.00738848119489	-0.212234168413	-0.00355909254895	-6.18
2015-07-02	0.0322392377914	-0.173936410779	0.000166491201511	0.16
2015-07-03	0.0387986215313	-0.190739807757	0.00644303093547	-4.59
2015-07-06	0.0689633584815	-0.274896879664	0.0247411339387	5.48
2015-07-07	0.0450124837097	-0.251758930328	0.0331761499816	-7.24
2015-07-08	0.0193955105313	-0.38018530332	0.034375519088	-10.01
2015-07-09	0.023333366326	-0.0601424883127	0.0328853585504	9.99
2015-07-10	0.033382355313	-0.0434358134783	0.0316047613469	9.51
2015-07-13	0.0115985443441	-0.0767205687428	0.0214998986608	0.63
2015-07-14	-0.0213397421721	-0.16946436344	0.0147290985513	-7.08
2015-07-15	-0.0384370778228	-0.171959189183	0.0101034579106	-10.04
2015-07-16	-0.0424745434062	-0.156077532971	-0.004089979628	1.4
2015-07-17	-0.0397030578557	-0.150137010663	-0.0224298330653	6.24
2015-07-20	-0.0559244960489	-0.19341236632	-0.0390917092829	-1.64
2015-07-21	-0.0514030965647	-0.124323038303	-0.0470139946535	1.67
2015-07-22	-0.0652136767852	-0.200739917175	-0.0516687812667	-1.81
2015-07-23	-0.0666100882256	-0.173773699954	-0.0548211792186	2.55
2015-07-24	-0.0726990088514	-0.224831300615	-0.0620163266013	-2.92
2015-07-27	-0.0695867610976	-0.185698861847	-0.0648333339777	-9.98
2015-07-28	-0.044738479894	-0.103155574171	-0.0640427661359	3.93
2015-07-29	-0.0683268960257	-0.161685760735	-0.0658786573473	1.23
2015-07-30	-0.0744761240119	-0.164933973413	-0.0663645727529	-5.13
2015-07-31	-0.0718469076684	-0.142259972054	-0.0661960286629	0.69
2015-08-03	-0.0591633205811	-0.157394560062	-0.063874122764	2.64
2015-08-04	-0.0746514366721	-0.128339945167	-0.0698817444646	2.09
2015-08-05	-0.0798511236444	-0.132388770906	-0.0730207620512	-3.54
2015-08-06	-0.0881927051229	-0.0956605920767	-0.07549282311	-2.8
2015-08-07	-0.102559407107	-0.0955967107308	-0.0815932529678	0.5
2015-08-10	-0.102987744258	-0.109132959526	-0.0898094060722	6.13
2015-08-11	-0.107260632448	-0.18049693574	-0.0956863164351	-1.21
2015-08-12	-0.0967782605477	-0.119922506413	-0.0986468220734	0.09
2015-08-13	-0.105246957256	-0.15201502904	-0.102437766091	1.13
2015-08-14	-0.0885941237089	-0.0838976972002	-0.0997321447284	2.8
2015-08-17	-0.106188153507	-0.12117677696	-0.1008916604	-1.63
2015-08-18	-0.0998229810523	-0.109314061985	-0.0990940622379	-8.2
2015-08-19	-0.104577597272	-0.133797236683	-0.100520713751	1.81
2015-08-20	-0.101600270532	-0.119577871909	-0.0997521503775	-4.04
2015-08-21	-0.104411213376	-0.112820668701	-0.103106067784	-7.4
2015-08-24	-0.0971686622546	-0.11660916104	-0.102530351114	-9.99
2015-08-25	-0.095317662329	-0.0936241465157	-0.101319697341	-10.11
2015-08-26	-0.0832408683224	-0.09753089342	-0.096887745423	0.55
2015-08-27	-0.0854954128622	-0.0744286530387	-0.0938782312632	7.09
2015-08-28	-0.10329600639	-0.0800014796644	-0.0938149859118	3.06
2015-08-31	-0.113353009075	-0.096371377234	-0.0983986070157	-1.61
2015-09-01	-0.0991477089453	-0.096567675698	-0.0984282718374	2.14
2015-09-02	-0.104707128729	-0.122057895802	-0.102101819133	-1.11
2015-09-07	-0.095495301122	-0.113148858636	-0.103913364823	-1.74
2015-09-08	-0.0947437343802	-0.0670151965726	-0.102830661377	4.3
2015-09-09	-0.0967070345238	-0.110593773215	-0.0990248052955	2.55
2015-09-10	-0.0927105927258	-0.0844725246682	-0.097337156184	-1.66
2015-09-11	-0.0994453985034	-0.067836345344	-0.0959399286776	-1.81
2015-09-14	-0.0886465136347	-0.0791534931856	-0.0941532834816	-2.94
2015-09-15	-0.0936836382148	-0.088920253908	-0.0951270036201	-7.32
2015-09-16	-0.0977118780273	-0.100256385722	-0.0951302233296	7.77
2015-09-17	-0.0953822505654	-0.119816819722	-0.0956414885583	-2.78
2015-09-18	-0.0987767861195	-0.0763272305986	-0.0964969834075	0.39
2015-09-21	-0.104859269311	-0.102952010596	-0.0990641160787	1.81
2015-09-22	-0.093793628586	-0.065435215297	-0.098509561173	3.69
2015-09-23	-0.0994258985565	-0.083574077937	-0.0997389112672	-3.93
2015-09-24	-0.0979720123368	-0.0827006282313	-0.0991542362305	1.53
2015-09-25	-0.0970236721898	-0.0928203762878	-0.0984634968925	-3.14
2015-09-28	-0.0983800975637	-0.0644651003961	-0.0973710925077	1.04
2015-09-29	-0.091849852454	-0.0606849964417	-0.0969427213005	-1.29
2015-09-30	-0.0955035454554	-0.0595960762599	-0.0963733768759	0.13
2015-10-08	-0.0987221054289	-0.101390547017	-0.0962708462633	3.77
2015-10-09	-0.0938255656508	-0.0797270970859	-0.094758716327	2.76
2015-10-12	-0.0905745210218	-0.12729622727	-0.094874418717	5.73
2015-10-13	-0.094710753747	-0.104312875633	-0.0952007673874	-0.58
2015-10-14	-0.0930484565013	-0.0883600025228	-0.0942975760671	-1.51
2015-10-15	-0.0945884466963	-0.122378157746	-0.092733431623	2.94
2015-10-16	-0.0932752205425	-0.122503969999	-0.092281824957	2.29
2015-10-19	-0.0865055169862	-0.105377345934	-0.0916259557148	1.45
2015-10-20	-0.092653061969	-0.128871384702	-0.0915521908764	0.55
2015-10-21	-0.0875920271057	-0.137864442867	-0.0906608862045	-5.26
2015-10-22	-0.0970728937254	-0.133750785185	-0.0913075580069	1.5
2015-10-23	-0.0968689185743	-0.151433059151	-0.0923251580833	2.51
2015-10-26	-0.0892302177359	-0.103570506626	-0.0931228004134	2.34
2015-10-27	-0.0967271062795	-0.132139037224	-0.0938974976566	-1.3
2015-10-28	-0.100098102841	-0.107630437729	-0.0966705697902	-3.3
2015-10-29	-0.108189613697	-0.0831669639755	-0.0986497883344	-1.03
2015-10-30	-0.0955785838707	-0.0531264815144	-0.0977337610887	2.3
2015-11-02	-0.0980695431654	-0.0792291211554	-0.10066248746	-2.59
2015-11-03	-0.0936547953712	-0.063046883326	-0.0997309424937	0.58
2015-11-04	-0.0758196222366	0.0450524622497	-0.0947144216485	9.99
2015-11-05	-0.0331306374432	0.0930641723783	-0.0791811360288	10.02
2015-11-06	0.00797183937691	0.20098923158	-0.0584075133713	9.96
2015-11-09	0.0092224198145	0.35268419413	-0.0372993855837	1.29
2015-11-10	0.0729163621369	0.516966411047	-0.00396869503249	10.05
2015-11-11	0.0778225697365	0.472494165619	0.0267732155867	1.16
2015-11-12	0.0528563170917	0.259889214721	0.0448931655667	-4.28
2015-11-13	0.0647369224146	0.2305827361	0.0555111588414	0.48
2015-11-16	0.0547594135944	0.087919441338	0.064454148931	-0.64
2015-11-17	0.05137943714	0.268814854405	0.0600610311701	-0.8
2015-11-18	0.015669853449	0.144643208124	0.0472605986444	-6.7
2015-11-19	0.0343782548014	0.0759248709677	0.0437074491393	4.93
2015-11-20	0.0148682518237	0.0287587511295	0.0341229212891	-2.8
2015-11-23	0.00169778562088	0.0337556536141	0.0236277735398	-2.63
2015-11-24	0.0182617759503	0.0702270687937	0.0170702415837	2.79
2015-11-25	0.0117097813373	-0.000813888291812	0.0162705284553	0.0
2015-11-26	0.00418964094127	0.00921485964187	0.0102035214053	-1.86
2015-11-27	-0.0190250323849	0.0443676971414	0.00348693791898	-10.02
2015-11-30	-0.0202201248932	0.0547029235042	-0.00074805029744	0.1
2015-12-01	-0.024114653753	-0.00282295650937	-0.0092770139457	0.19
2015-12-02	0.0169133874579	0.194195422443	-0.00837906335659	9.86
2015-12-03	0.0035054250132	0.139460947276	-0.0085990393902	-1.05
2015-12-04	-0.00185159125933	0.0302120316024	-0.00512487129689	-2.55
2015-12-07	-0.0171811180481	-0.0117739489394	-0.00537843319267	-1.81
2015-12-08	-0.0165621935338	-0.021837797916	-0.00432944881664	-2.12
2015-12-09	-0.0133043186773	0.00223388771645	-0.00974893728128	0.66
2015-12-10	-0.0010097050422	0.0704306985138	-0.0103085135716	1.77
2015-12-11	0.0101773150437	0.0625910027757	-0.00804610317457	1.56
2015-12-14	0.0534092997796	0.173152138825	0.00636010306258	10.03
2015-12-15	0.040371713061	0.181163062224	0.0180401102421	-2.13
2015-12-16	0.0572965313588	0.10913795918	0.0322484646104	2.6
2015-12-17	0.0441301789438	0.148593258587	0.0409571795206	0.0
2015-12-18	0.027764661546	0.00868825783959	0.0447181252165	-2.53
2015-12-21	0.0194632277374	-0.0578669941972	0.03846908882	0.84
2015-12-22	0.0215112740058	-0.0426230941168	0.0343182154526	0.83
2015-12-23	0.0289237597616	0.170792172536	0.0286680891219	0.5
2015-12-24	-0.00257403799476	0.191126010765	0.0200595645648	-5.83
2015-12-25	-0.0158755583643	0.0951522774872	0.00988457220855	-1.57
2015-12-28	-0.0245560960886	0.112636019684	0.000359990378157	-4.34
2016-01-07	-0.00138570379363	0.0276981997447	0.0330966586075	-10.0
2016-01-08	-0.0123446580901	0.102719965589	0.0209631451777	0.41
2016-01-11	-0.0335397972247	0.000903994963814	0.00247514733874	-10.04
2016-01-12	-0.0305089894674	-0.00120520176522	-0.0135525295079	1.48
2016-01-13	-0.0293894770941	0.00469995371809	-0.0213522216498	-2.58
2016-01-14	-0.0317951177557	-0.0244528797718	-0.0269776507086	2.42
2016-01-15	-0.032951980534	-0.0152734883634	-0.0316337337106	-4.27
2016-01-18	-0.0337019404302	0.0250386606462	-0.0323172231547	0.71
2016-01-19	-0.0361038718675	0.103962066031	-0.0330584335109	3.03
2016-01-20	-0.0377315289798	0.0478405631335	-0.0345711500894	-1.81
2016-01-21	-0.0258468707408	0.106712502893	-0.0332414450428	-1.27
2016-01-22	-0.0212662154476	0.0403301152745	-0.0306426937842	2.22
2016-01-25	-0.0270275302762	0.0244130431265	-0.0289629348688	-0.46
2016-01-26	-0.0388602417648	0.0433480594032	-0.029879390823	-9.99
2016-01-27	-0.0438872989355	0.0494117037874	-0.0323408579462	-1.53
2016-01-28	-0.0337132801369	0.0548032367396	-0.0337272385968	-1.3
2016-01-29	-0.0286108178533	0.0768295307344	-0.0349993738903	5.25
2016-02-01	-0.0365450703577	0.0181519072598	-0.0380848589524	-2.99
2016-02-03	-0.0303960206202	0.114041327428	-0.0369854808257	4.11
2016-02-04	-0.0195779761648	0.0496542431881	-0.0354871707722	4.32
2016-02-05	-0.0318312885556	0.0444347305458	-0.0312753219547	-3.67
2016-02-15	-0.0256210759389	0.0209244569339	-0.0313414083766	1.11
2016-02-16	-0.0208455973566	0.0325375388537	-0.0251894233958	4.62
2016-02-17	-0.0187676635242	0.00535765533819	-0.0214791818476	1.16
2016-02-18	-0.0227099705686	-0.00751440268943	-0.0226131436192	-1.15
2016-02-19	-0.0201941616074	-0.02206860404	-0.0207779824507	0.58
2016-02-22	-0.0209711998246	0.00182171114741	-0.0200557141055	2.31
2016-02-23	-0.0210173923377	0.00727656049077	-0.0205154207705	-0.9
2016-02-24	-0.0241307651081	-0.0151885747615	-0.0222108783653	0.11
2016-02-25	-0.0339572298587	0.0115292198025	-0.0243639241077	-9.9
2016-02-26	-0.0353922669402	-0.0263154848235	-0.0269395950041	0.88
2016-02-29	-0.0407090917024	-0.0190173627345	-0.0315121591906	-5.13
2016-03-01	-0.0380459844235	0.0211450111024	-0.0350456268218	3.3
2016-03-02	-0.030497902359	0.0226931575405	-0.0364389602804	7.28
2016-03-03	-0.0283771287001	-0.00707920717696	-0.0339041178214	0.36
2016-03-04	-0.0286396256724	0.00808142660227	-0.0326072986523	-0.24
2016-03-07	-0.0320974472558	-0.0144928485859	-0.0308188621274	0.48
2016-03-08	-0.0353032454597	-0.0327705691929	-0.0311617366998	-0.71
2016-03-09	-0.0334434984272	-0.0175543817876	-0.0319024759302	-1.79
2016-03-10	-0.0382053837629	-0.0142794669626	-0.033757859578	-3.16
2016-03-11	-0.0388305043083	0.017531376016	-0.0376843256386	0.5
2016-03-14	-0.0371938752123	0.0210991638417	-0.0381312709261	3.12
2016-03-15	-0.0403632646448	-0.0281214421266	-0.0387816872711	-0.85
2016-03-16	-0.0375706197189	0.0133428051059	-0.0390961244266	0.37
2016-03-17	-0.0351518080762	0.0584608208346	-0.0378914104453	2.79
2016-03-18	-0.0290384113404	0.104295562091	-0.0364745291541	4.02
2016-03-21	0.00577115528781	0.233582513727	-0.0277145916777	10.0
2016-03-22	0.00387484342342	0.222543399176	-0.0187159543439	-1.03
2016-03-23	0.00259145859769	0.165742140757	-0.0105381015255	0.21
2016-03-24	-0.0143740378277	0.0460880314825	-0.00722555153465	-4.79
2016-03-25	-0.0136315598512	0.0473370718204	-0.00390042402901	0.77
2016-03-28	-0.0252380031104	0.0519332397623	-0.00924040777365	-3.26
2016-03-29	-0.0174486589121	0.0333015517297	-0.013900029195	0.22
2016-03-30	-0.0153178300037	0.0405500445491	-0.0169769027114	3.58
2016-03-31	-0.0205498083638	0.0404075329761	-0.0183689260709	-0.86
2016-04-01	-0.022866046592	-0.0142650954713	-0.0203221142746	-0.55
2016-04-05	-0.025464841029	-0.00571399548559	-0.0204677513241	1.54
2016-04-06	-0.0219421434098	-0.00471552672338	-0.0209175409821	0.54
2016-04-07	-0.0269609104465	-0.0220892017576	-0.0232544360176	-2.79
2016-04-08	-0.0356478261238	-0.00590117114424	-0.0264744822276	-2.65
2016-04-11	-0.0267736501117	0.0491598253075	-0.0271172309126	3.75
2016-04-12	-0.0235993739004	-0.0134096191184	-0.0257771840174	-0.11
2016-04-13	-0.0178435284035	0.108464522797	-0.0262392927092	3.07
2016-04-14	-0.0195210499542	-0.00638959784003	-0.0247809086021	0.21
2016-04-15	-0.0213599207079	-0.0225806500331	-0.0210336203261	-0.95
2016-04-18	-0.0324025103469	0.0616672341683	-0.0225237025906	-3.85
2016-04-19	-0.0307363451374	-0.00718738713128	-0.0230225067474	0.45
2016-04-20	-0.0236767574153	0.0150246861549	-0.0246788367304	-1.55
2016-04-21	-0.027259711165	-0.0243250245562	-0.0272785020307	-1.35
2016-04-22	-0.0259758653554	-0.0226426632144	-0.0274375039642	0.46
2016-04-25	-0.0337818630247	-0.0108014422344	-0.0288888379312	-1.82
2016-04-26	-0.031812452941	-0.0135472179192	-0.0295092708059	1.39
2016-04-27	-0.0394957757279	-0.0229276253636	-0.0328097347032	-1.94
2016-04-28	-0.0396131113302	-0.0335642159435	-0.0350813670802	-0.23
2016-04-29	-0.0429653738943	-0.0359430388356	-0.038510023674	-0.58
2016-05-03	-0.0440031948112	-0.00373684341561	-0.0393204073293	2.23
2016-05-04	-0.0440223315408	-0.0464855711109	-0.0416710628265	-0.11
2016-05-05	-0.0462854527895	-0.0350857481658	-0.0430738431482	-0.11
2016-05-06	-0.0490333056605	-0.0172560506734	-0.0450466519249	-4.14
2016-05-09	-0.0502977641544	-0.0277406962041	-0.0467284097917	-3.36
2016-05-10	-0.0513497200714	-0.0404375205476	-0.0484067197515	0.0
2016-05-11	-0.0569001170746	-0.0599615483566	-0.0504988903775	-0.62
2016-05-12	-0.0533840488475	-0.0211183540461	-0.0519958542257	1.0
2016-05-13	-0.0555043762252	-0.0379315289499	-0.0533431904916	-1.11
2016-05-16	-0.0573162435758	-0.0401479045975	-0.0553704575471	0.88
2016-05-17	-0.0563070384498	-0.0420743614474	-0.0566176314996	0.0
2016-05-18	-0.0491222043868	-0.0261573768877	-0.0540444094424	0.0
2016-05-19	-0.0513991795326	-0.0469520358486	-0.0530643647996	-0.74
2016-05-20	-0.0482195380736	-0.0337800344413	-0.0515396796653	1.37
2016-05-23	-0.0515657654146	-0.0265129337838	-0.0506839553436	0.0
2016-05-24	-0.0528574794286	-0.041831160113	-0.0501790781868	-1.36
2016-05-25	-0.0527502409249	-0.0376196824954	-0.051755165468	-0.25
2016-05-26	-0.0537859519509	-0.0435087531489	-0.0530643674735	0.38
2016-05-27	-0.0546296541562	-0.0444471869084	-0.0540490479278	-0.25
2016-05-30	-0.0519249067269	-0.0350926608127	-0.0536573111851	0.25
2016-05-31	-0.0367956996513	0.0480265463742	-0.0498072530789	7.74
2016-06-01	-0.0450950298593	-0.0192032465214	-0.0484684589369	-1.62
2016-06-02	-0.0453459946534	-0.0319915669751	-0.0479013006784	0.71
2016-06-03	-0.0519362913846	0.0207400117674	-0.0469778711105	-0.58
2016-06-06	-0.0588770171463	-0.00716598534936	-0.049143620003	-1.41
2016-06-07	-0.0538027964195	-0.00602431695687	-0.0520326040054	1.07
2016-06-08	-0.0567452055179	-0.0311159117368	-0.0537628568218	-1.18
2016-06-13	-0.0628075041647	-0.0038486629038	-0.05746485874	-5.38
2016-06-14	-0.0739625630602	0.129396395957	-0.0622668651031	-2.27
2016-06-15	-0.0842881176998	0.0745652368942	-0.0671023327944	-0.13
2016-06-16	-0.08326091349	-0.000407579199069	-0.0726646286661	-0.65
2016-06-17	-0.0875904671447	-0.0081412580893	-0.0785581722931	-0.13
2016-06-20	-0.0932145081281	-0.0040040376347	-0.0847269753336	-1.3
2016-06-21	-0.086085588063	0.0607291142806	-0.0866048924433	1.06
2016-06-22	-0.0885265482468	-0.00393563569818	-0.0868895951619	0.65
2016-06-23	-0.0896718230492	-0.0237196242818	-0.0883915854625	-0.91
2016-06-24	-0.0841702609709	-0.0145243676139	-0.0880353867902	-0.13
2016-06-27	-0.0884947987941	-0.0254206741673	-0.0872683676638	1.18
2016-06-28	-0.0871067775104	-0.00691380339885	-0.0875961763629	1.17
2016-06-29	-0.08871579226	-0.0119572147953	-0.0871093369701	-0.13
2016-06-30	-0.0884836083267	-0.027780719401	-0.0871224467736	0.26
